Session Information:,,,,Device Information:,,,,Oarlock Information:,,,,Oarlock Settings:

Name:,JustGo-3598M,,,Name:,SpdCoach 2669346,,,Firmware:,---,,,Boat ID:,---
Start Time:,07/15/2026 17:52:16,,,Model:,---,,,,,,,Seat Number:,---
Type:,Just Go,,,Serial:,,,,,,,,Port Starboard:,---
System of Units:,Meters/Split500,,,Firmware Version:,---,,,,,,,Oar Length:,---
Speed Input:,GPS,,,Profile Version:,---,,,,,,,Inboard Length:,---
,,,,Hardware Version:,---,,,,,,,,
,,,,LiNK Version:,2.1.68,,,,,,,,


Session Summary:

Total Intervals,Total Distance (GPS),Total Distance (IMP),Total Elapsed Time,Avg Split (GPS),Avg Speed (GPS),Avg Split (IMP),Avg Speed (IMP),Avg Stroke Rate,Total Strokes,Distance/Stroke (GPS),Distance/Stroke (IMP),Avg Heart Rate,Avg Power,Avg Catch,Avg Slip,Avg Finish,Avg Wash,Avg Force Avg,Avg Work,Avg Force Max,Avg Max Force Angle,Start GPS Lat.,Start GPS Lon.
(Interval),(Meters),(Meters),(HH:MM:SS.tenths),(/500),(M/S),(/500),(M/S),(SPM),(Strokes),(Meters),(Meters),(BPM),(Watts),(Degrees),(Degrees),(Degrees),(Degrees),(Newtons),(Joules),(Newtons),(Degrees),(Degrees),(Degrees)
1,3598.9,0.0,00:19:25.0,00:02:42.3,3.08,00:00:00.0,0.00,23.5,427,8.4,0.0,---,---,---,---,---,---,---,---,---,---,40.1545460,-82.8752823


Interval Summaries:

Interval,Total Distance (GPS),Total Distance (IMP),Total Elapsed Time,Avg Split (GPS),Avg Speed (GPS),Avg Split (IMP),Avg Speed (IMP),Avg Stroke Rate,Total Strokes,Distance/Stroke (GPS),Distance/Stroke (IMP),Avg Heart Rate,Avg Power,Avg Catch,Avg Slip,Avg Finish,Avg Wash,Avg Force Avg,Avg Work,Avg Force Max,Avg Max Force Angle,Start GPS Lat.,Start GPS Lon.
(Interval),(Meters),(Meters),(HH:MM:SS.tenths),(/500),(M/S),(/500),(M/S),(SPM),(Strokes),(Meters),(Meters),(BPM),(Watts),(Degrees),(Degrees),(Degrees),(Degrees),(Newtons),(Joules),(Newtons),(Degrees),(Degrees),(Degrees)
1,3598.9,0.0,00:19:25.0,00:02:42.3,3.08,00:00:00.0,0.00,23.5,427,8.4,0.0,---,---,---,---,---,---,---,---,---,---,40.1545460,-82.8752823



Per-Stroke Data:

Interval,Distance (GPS),Distance (IMP),Elapsed Time,Split (GPS),Speed (GPS),Split (IMP),Speed (IMP),Stroke Rate,Total Strokes,Distance/Stroke (GPS),Distance/Stroke (IMP),Heart Rate,Power,Catch,Slip,Finish,Wash,Force Avg,Work,Force Max,Max Force Angle,GPS Lat.,GPS Lon.
(Interval),(Meters),(Meters),(HH:MM:SS.tenths),(/500),(M/S),(/500),(M/S),(SPM),(Strokes),(Meters),(Meters),(BPM),(Watts),(Degrees),(Degrees),(Degrees),(Degrees),(Newtons),(Joules),(Newtons),(Degrees),(Degrees),(Degrees)
1,1.5,0.0,00:00:02.3,00:15:09.0,0.55,00:00:00.0,0.00,25.5,1,1.5,0.0,---,---,---,---,---,---,---,---,---,---,40.1545460,-82.8752823
1,2.5,0.0,00:00:02.9,00:07:14.7,1.15,00:00:00.0,0.00,50.5,2,1.0,0.0,---,---,---,---,---,---,---,---,---,---,40.1545375,-82.8752842
1,9.0,0.0,00:00:06.3,00:04:36.2,1.81,00:00:00.0,0.00,20.0,3,6.5,0.0,---,---,---,---,---,---,---,---,---,---,40.1544802,-82.8753010
1,17.3,0.0,00:00:09.3,00:03:35.5,2.32,00:00:00.0,0.00,20.0,4,8.3,0.0,---,---,---,---,---,---,---,---,---,---,40.1544089,-82.8753276
1,25.6,0.0,00:00:11.9,00:02:56.6,2.83,00:00:00.0,0.00,21.0,5,8.4,0.0,---,---,---,---,---,---,---,---,---,---,40.1543371,-82.8753572
1,34.6,0.0,00:00:14.7,00:02:42.3,3.08,00:00:00.0,0.00,23.0,6,9.0,0.0,---,---,---,---,---,---,---,---,---,---,40.1542606,-82.8753910
1,43.9,0.0,00:00:17.5,00:02:36.2,3.20,00:00:00.0,0.00,20.5,7,9.2,0.0,---,---,---,---,---,---,---,---,---,---,40.1541835,-82.8754309
1,52.3,0.0,00:00:20.1,00:02:36.7,3.19,00:00:00.0,0.00,23.0,8,8.4,0.0,---,---,---,---,---,---,---,---,---,---,40.1541145,-82.8754710
1,61.3,0.0,00:00:22.9,00:02:36.2,3.20,00:00:00.0,0.00,22.0,9,9.0,0.0,---,---,---,---,---,---,---,---,---,---,40.1540419,-82.8755183
1,69.8,0.0,00:00:25.5,00:02:34.7,3.23,00:00:00.0,0.00,22.5,10,8.5,0.0,---,---,---,---,---,---,---,---,---,---,40.1539743,-82.8755638
1,78.7,0.0,00:00:28.3,00:02:36.2,3.20,00:00:00.0,0.00,21.0,11,8.9,0.0,---,---,---,---,---,---,---,---,---,---,40.1539026,-82.8756105
1,87.1,0.0,00:00:30.9,00:02:37.2,3.18,00:00:00.0,0.00,22.0,12,8.4,0.0,---,---,---,---,---,---,---,---,---,---,40.1538338,-82.8756512
1,96.0,0.0,00:00:33.7,00:02:36.7,3.19,00:00:00.0,0.00,23.0,13,8.9,0.0,---,---,---,---,---,---,---,---,---,---,40.1537606,-82.8756939
1,105.0,0.0,00:00:36.5,00:02:34.7,3.23,00:00:00.0,0.00,21.0,14,9.0,0.0,---,---,---,---,---,---,---,---,---,---,40.1536862,-82.8757352
1,113.6,0.0,00:00:39.3,00:02:32.4,3.28,00:00:00.0,0.00,23.0,15,8.6,0.0,---,---,---,---,---,---,---,---,---,---,40.1536146,-82.8757723
1,122.4,0.0,00:00:41.7,00:02:30.6,3.32,00:00:00.0,0.00,23.0,16,8.8,0.0,---,---,---,---,---,---,---,---,---,---,40.1535397,-82.8758058
1,131.0,0.0,00:00:44.3,00:02:31.9,3.29,00:00:00.0,0.00,23.5,17,8.6,0.0,---,---,---,---,---,---,---,---,---,---,40.1534658,-82.8758362
1,139.6,0.0,00:00:46.9,00:02:33.8,3.25,00:00:00.0,0.00,23.0,18,8.6,0.0,---,---,---,---,---,---,---,---,---,---,40.1533926,-82.8758677
1,148.0,0.0,00:00:49.5,00:02:34.3,3.24,00:00:00.0,0.00,23.5,19,8.4,0.0,---,---,---,---,---,---,---,---,---,---,40.1533212,-82.8759004
1,156.0,0.0,00:00:51.9,00:02:35.2,3.22,00:00:00.0,0.00,23.5,20,8.0,0.0,---,---,---,---,---,---,---,---,---,---,40.1532545,-82.8759343
1,164.6,0.0,00:00:54.5,00:02:32.9,3.27,00:00:00.0,0.00,22.5,21,8.7,0.0,---,---,---,---,---,---,---,---,---,---,40.1531825,-82.8759714
1,173.5,0.0,00:00:57.3,00:02:28.3,3.37,00:00:00.0,0.00,23.0,22,8.9,0.0,---,---,---,---,---,---,---,---,---,---,40.1531072,-82.8760055
1,182.3,0.0,00:00:59.7,00:02:25.3,3.44,00:00:00.0,0.00,24.5,23,8.9,0.0,---,---,---,---,---,---,---,---,---,---,40.1530312,-82.8760371
1,191.2,0.0,00:01:02.3,00:02:25.7,3.43,00:00:00.0,0.00,23.5,24,8.9,0.0,---,---,---,---,---,---,---,---,---,---,40.1529555,-82.8760711
1,199.4,0.0,00:01:04.7,00:02:27.4,3.39,00:00:00.0,0.00,24.5,25,8.2,0.0,---,---,---,---,---,---,---,---,---,---,40.1528859,-82.8761019
1,208.0,0.0,00:01:07.3,00:02:29.2,3.35,00:00:00.0,0.00,23.0,26,8.6,0.0,---,---,---,---,---,---,---,---,---,---,40.1528130,-82.8761335
1,216.7,0.0,00:01:09.9,00:02:31.0,3.31,00:00:00.0,0.00,23.0,27,8.7,0.0,---,---,---,---,---,---,---,---,---,---,40.1527384,-82.8761638
1,225.0,0.0,00:01:12.4,00:02:29.6,3.34,00:00:00.0,0.00,23.0,28,8.3,0.0,---,---,---,---,---,---,---,---,---,---,40.1526670,-82.8761911
1,234.2,0.0,00:01:15.3,00:02:27.0,3.40,00:00:00.0,0.00,23.5,29,9.3,0.0,---,---,---,---,---,---,---,---,---,---,40.1525865,-82.8762197
1,243.0,0.0,00:01:17.7,00:02:27.0,3.40,00:00:00.0,0.00,22.5,30,8.8,0.0,---,---,---,---,---,---,---,---,---,---,40.1525106,-82.8762489
1,252.3,0.0,00:01:20.5,00:02:30.6,3.32,00:00:00.0,0.00,21.5,31,9.3,0.0,---,---,---,---,---,---,---,---,---,---,40.1524307,-82.8762808
1,261.0,0.0,00:01:23.1,00:02:33.8,3.25,00:00:00.0,0.00,23.0,32,8.7,0.0,---,---,---,---,---,---,---,---,---,---,40.1523558,-82.8763097
1,269.8,0.0,00:01:25.7,00:02:32.4,3.28,00:00:00.0,0.00,23.0,33,8.7,0.0,---,---,---,---,---,---,---,---,---,---,40.1522810,-82.8763401
1,278.6,0.0,00:01:28.3,00:02:29.6,3.34,00:00:00.0,0.00,22.0,34,8.9,0.0,---,---,---,---,---,---,---,---,---,---,40.1522052,-82.8763722
1,288.6,0.0,00:01:31.3,00:02:29.2,3.35,00:00:00.0,0.00,21.0,35,10.0,0.0,---,---,---,---,---,---,---,---,---,---,40.1521204,-82.8764092
1,297.9,0.0,00:01:34.1,00:02:30.6,3.32,00:00:00.0,0.00,21.0,36,9.3,0.0,---,---,---,---,---,---,---,---,---,---,40.1520401,-82.8764407
1,306.1,0.0,00:01:36.5,00:02:30.6,3.32,00:00:00.0,0.00,23.5,37,8.2,0.0,---,---,---,---,---,---,---,---,---,---,40.1519686,-82.8764628
1,314.7,0.0,00:01:39.3,00:02:30.1,3.33,00:00:00.0,0.00,23.5,38,8.6,0.0,---,---,---,---,---,---,---,---,---,---,40.1518930,-82.8764840
1,323.7,0.0,00:01:41.7,00:02:27.0,3.40,00:00:00.0,0.00,23.5,39,9.0,0.0,---,---,---,---,---,---,---,---,---,---,40.1518136,-82.8765047
1,332.8,0.0,00:01:44.3,00:02:24.9,3.45,00:00:00.0,0.00,23.0,40,9.1,0.0,---,---,---,---,---,---,---,---,---,---,40.1517336,-82.8765265
1,342.1,0.0,00:01:46.9,00:02:24.5,3.46,00:00:00.0,0.00,22.5,41,9.3,0.0,---,---,---,---,---,---,---,---,---,---,40.1516517,-82.8765476
1,351.3,0.0,00:01:49.5,00:02:22.8,3.50,00:00:00.0,0.00,23.5,42,9.3,0.0,---,---,---,---,---,---,---,---,---,---,40.1515704,-82.8765702
1,361.1,0.0,00:01:52.3,00:02:22.4,3.51,00:00:00.0,0.00,22.5,43,9.7,0.0,---,---,---,---,---,---,---,---,---,---,40.1514848,-82.8765933
1,370.1,0.0,00:01:54.9,00:02:25.3,3.44,00:00:00.0,0.00,21.5,44,9.0,0.0,---,---,---,---,---,---,---,---,---,---,40.1514054,-82.8766132
1,380.3,0.0,00:01:58.1,00:02:31.0,3.31,00:00:00.0,0.00,19.5,45,10.2,0.0,---,---,---,---,---,---,---,---,---,---,40.1513151,-82.8766353
1,388.5,0.0,00:02:00.5,00:02:33.8,3.25,00:00:00.0,0.00,23.0,46,8.2,0.0,---,---,---,---,---,---,---,---,---,---,40.1512423,-82.8766501
1,397.3,0.0,00:02:03.3,00:02:30.6,3.32,00:00:00.0,0.00,21.5,47,8.8,0.0,---,---,---,---,---,---,---,---,---,---,40.1511641,-82.8766668
1,406.9,0.0,00:02:06.3,00:02:28.8,3.36,00:00:00.0,0.00,22.0,48,9.6,0.0,---,---,---,---,---,---,---,---,---,---,40.1510792,-82.8766856
1,416.2,0.0,00:02:08.9,00:02:30.1,3.33,00:00:00.0,0.00,22.0,49,9.3,0.0,---,---,---,---,---,---,---,---,---,---,40.1509965,-82.8767023
1,425.6,0.0,00:02:11.7,00:02:31.5,3.30,00:00:00.0,0.00,21.0,50,9.3,0.0,---,---,---,---,---,---,---,---,---,---,40.1509133,-82.8767157
1,434.2,0.0,00:02:14.3,00:02:34.3,3.24,00:00:00.0,0.00,22.0,51,8.7,0.0,---,---,---,---,---,---,---,---,---,---,40.1508358,-82.8767264
1,443.5,0.0,00:02:17.1,00:02:34.7,3.23,00:00:00.0,0.00,21.0,52,9.3,0.0,---,---,---,---,---,---,---,---,---,---,40.1507528,-82.8767358
1,452.9,0.0,00:02:19.9,00:02:32.9,3.27,00:00:00.0,0.00,21.5,53,9.4,0.0,---,---,---,---,---,---,---,---,---,---,40.1506686,-82.8767434
1,462.2,0.0,00:02:22.7,00:02:31.9,3.29,00:00:00.0,0.00,22.5,54,9.3,0.0,---,---,---,---,---,---,---,---,---,---,40.1505853,-82.8767500
1,472.5,0.0,00:02:25.7,00:02:28.3,3.37,00:00:00.0,0.00,19.5,55,10.3,0.0,---,---,---,---,---,---,---,---,---,---,40.1504927,-82.8767582
1,481.6,0.0,00:02:28.3,00:02:26.1,3.42,00:00:00.0,0.00,23.0,56,9.0,0.0,---,---,---,---,---,---,---,---,---,---,40.1504119,-82.8767685
1,491.0,0.0,00:02:31.1,00:02:27.0,3.40,00:00:00.0,0.00,21.5,57,9.5,0.0,---,---,---,---,---,---,---,---,---,---,40.1503275,-82.8767828
1,500.5,0.0,00:02:33.9,00:02:28.3,3.37,00:00:00.0,0.00,21.5,58,9.5,0.0,---,---,---,---,---,---,---,---,---,---,40.1502432,-82.8767982
1,508.9,0.0,00:02:36.4,00:02:27.4,3.39,00:00:00.0,0.00,22.5,59,8.4,0.0,---,---,---,---,---,---,---,---,---,---,40.1501685,-82.8768133
1,518.4,0.0,00:02:39.3,00:02:25.3,3.44,00:00:00.0,0.00,23.0,60,9.4,0.0,---,---,---,---,---,---,---,---,---,---,40.1500846,-82.8768301
1,527.3,0.0,00:02:41.7,00:02:23.6,3.48,00:00:00.0,0.00,23.0,61,9.0,0.0,---,---,---,---,---,---,---,---,---,---,40.1500050,-82.8768468
1,536.2,0.0,00:02:44.3,00:02:25.3,3.44,00:00:00.0,0.00,23.0,62,8.9,0.0,---,---,---,---,---,---,---,---,---,---,40.1499266,-82.8768639
1,545.0,0.0,00:02:46.9,00:02:29.2,3.35,00:00:00.0,0.00,23.0,63,8.8,0.0,---,---,---,---,---,---,---,---,---,---,40.1498486,-82.8768828
1,554.3,0.0,00:02:49.7,00:02:29.6,3.34,00:00:00.0,0.00,23.0,64,9.3,0.0,---,---,---,---,---,---,---,---,---,---,40.1497664,-82.8769037
1,562.6,0.0,00:02:52.1,00:02:28.8,3.36,00:00:00.0,0.00,23.0,65,8.3,0.0,---,---,---,---,---,---,---,---,---,---,40.1496936,-82.8769245
1,571.7,0.0,00:02:54.7,00:02:27.0,3.40,00:00:00.0,0.00,23.0,66,9.0,0.0,---,---,---,---,---,---,---,---,---,---,40.1496144,-82.8769466
1,580.5,0.0,00:02:57.4,00:02:26.1,3.42,00:00:00.0,0.00,22.5,67,8.9,0.0,---,---,---,---,---,---,---,---,---,---,40.1495370,-82.8769702
1,589.6,0.0,00:03:00.3,00:02:27.9,3.38,00:00:00.0,0.00,23.0,68,9.1,0.0,---,---,---,---,---,---,---,---,---,---,40.1494575,-82.8769943
1,598.5,0.0,00:03:02.7,00:02:28.3,3.37,00:00:00.0,0.00,23.0,69,8.9,0.0,---,---,---,---,---,---,---,---,---,---,40.1493803,-82.8770198
1,607.4,0.0,00:03:05.3,00:02:28.3,3.37,00:00:00.0,0.00,23.0,70,8.9,0.0,---,---,---,---,---,---,---,---,---,---,40.1493030,-82.8770472
1,616.3,0.0,00:03:07.9,00:02:28.3,3.37,00:00:00.0,0.00,23.5,71,8.9,0.0,---,---,---,---,---,---,---,---,---,---,40.1492260,-82.8770756
1,626.4,0.0,00:03:10.9,00:02:27.4,3.39,00:00:00.0,0.00,19.5,72,10.1,0.0,---,---,---,---,---,---,---,---,---,---,40.1491388,-82.8771079
1,635.6,0.0,00:03:13.7,00:02:29.2,3.35,00:00:00.0,0.00,22.5,73,9.2,0.0,---,---,---,---,---,---,---,---,---,---,40.1490588,-82.8771352
1,643.8,0.0,00:03:16.1,00:02:31.0,3.31,00:00:00.0,0.00,23.0,74,8.3,0.0,---,---,---,---,---,---,---,---,---,---,40.1489869,-82.8771584
1,653.3,0.0,00:03:18.9,00:02:28.8,3.36,00:00:00.0,0.00,23.0,75,9.4,0.0,---,---,---,---,---,---,---,---,---,---,40.1489045,-82.8771847
1,662.1,0.0,00:03:21.5,00:02:27.0,3.40,00:00:00.0,0.00,21.5,76,8.9,0.0,---,---,---,---,---,---,---,---,---,---,40.1488272,-82.8772105
1,670.8,0.0,00:03:24.3,00:02:27.9,3.38,00:00:00.0,0.00,22.5,77,8.7,0.0,---,---,---,---,---,---,---,---,---,---,40.1487521,-82.8772373
1,680.1,0.0,00:03:26.9,00:02:27.9,3.38,00:00:00.0,0.00,22.5,78,9.3,0.0,---,---,---,---,---,---,---,---,---,---,40.1486722,-82.8772681
1,689.5,0.0,00:03:29.7,00:02:27.4,3.39,00:00:00.0,0.00,22.5,79,9.4,0.0,---,---,---,---,---,---,---,---,---,---,40.1485912,-82.8772987
1,698.2,0.0,00:03:32.3,00:02:29.6,3.34,00:00:00.0,0.00,23.0,80,8.7,0.0,---,---,---,---,---,---,---,---,---,---,40.1485154,-82.8773276
1,706.9,0.0,00:03:34.9,00:02:31.9,3.29,00:00:00.0,0.00,23.0,81,8.6,0.0,---,---,---,---,---,---,---,---,---,---,40.1484412,-82.8773591
1,715.5,0.0,00:03:37.5,00:02:31.9,3.29,00:00:00.0,0.00,23.0,82,8.6,0.0,---,---,---,---,---,---,---,---,---,---,40.1483688,-82.8773929
1,724.2,0.0,00:03:40.1,00:02:31.0,3.31,00:00:00.0,0.00,23.0,83,8.7,0.0,---,---,---,---,---,---,---,---,---,---,40.1482955,-82.8774289
1,733.4,0.0,00:03:42.9,00:02:31.5,3.30,00:00:00.0,0.00,21.5,84,9.2,0.0,---,---,---,---,---,---,---,---,---,---,40.1482173,-82.8774639
1,741.6,0.0,00:03:45.5,00:02:31.9,3.29,00:00:00.0,0.00,23.5,85,8.2,0.0,---,---,---,---,---,---,---,---,---,---,40.1481471,-82.8774914
1,750.3,0.0,00:03:47.9,00:02:27.9,3.38,00:00:00.0,0.00,23.5,86,8.8,0.0,---,---,---,---,---,---,---,---,---,---,40.1480716,-82.8775198
1,758.3,0.0,00:03:50.3,00:02:31.5,3.30,00:00:00.0,0.00,31.5,87,8.0,0.0,---,---,---,---,---,---,---,---,---,---,40.1480021,-82.8775426
1,760.7,0.0,00:03:51.3,00:02:31.0,3.31,00:00:00.0,0.00,45.0,88,2.4,0.0,---,---,---,---,---,---,---,---,---,---,40.1479807,-82.8775485
1,769.3,0.0,00:03:53.7,00:02:28.8,3.36,00:00:00.0,0.00,23.0,89,8.5,0.0,---,---,---,---,---,---,---,---,---,---,40.1479051,-82.8775653
1,777.8,0.0,00:03:56.3,00:02:33.8,3.25,00:00:00.0,0.00,23.5,90,8.6,0.0,---,---,---,---,---,---,---,---,---,---,40.1478289,-82.8775793
1,786.6,0.0,00:03:58.9,00:02:33.3,3.26,00:00:00.0,0.00,23.0,91,8.8,0.0,---,---,---,---,---,---,---,---,---,---,40.1477510,-82.8775930
1,795.2,0.0,00:04:01.5,00:02:31.9,3.29,00:00:00.0,0.00,23.0,92,8.7,0.0,---,---,---,---,---,---,---,---,---,---,40.1476743,-82.8776100
1,803.8,0.0,00:04:04.1,00:02:31.0,3.31,00:00:00.0,0.00,23.5,93,8.6,0.0,---,---,---,---,---,---,---,---,---,---,40.1475986,-82.8776289
1,812.5,0.0,00:04:06.7,00:02:30.1,3.33,00:00:00.0,0.00,23.5,94,8.7,0.0,---,---,---,---,---,---,---,---,---,---,40.1475219,-82.8776474
1,820.9,0.0,00:04:09.3,00:02:27.4,3.39,00:00:00.0,0.00,23.0,95,8.4,0.0,---,---,---,---,---,---,---,---,---,---,40.1474481,-82.8776661
1,829.7,0.0,00:04:11.7,00:02:25.7,3.43,00:00:00.0,0.00,23.5,96,8.9,0.0,---,---,---,---,---,---,---,---,---,---,40.1473698,-82.8776841
1,838.6,0.0,00:04:14.3,00:02:27.0,3.40,00:00:00.0,0.00,23.0,97,8.9,0.0,---,---,---,---,---,---,---,---,---,---,40.1472909,-82.8777019
1,847.5,0.0,00:04:16.9,00:02:28.3,3.37,00:00:00.0,0.00,23.5,98,8.9,0.0,---,---,---,---,---,---,---,---,---,---,40.1472121,-82.8777183
1,856.4,0.0,00:04:19.5,00:02:27.0,3.40,00:00:00.0,0.00,23.0,99,8.9,0.0,---,---,---,---,---,---,---,---,---,---,40.1471332,-82.8777365
1,865.3,0.0,00:04:22.1,00:02:26.6,3.41,00:00:00.0,0.00,23.5,100,8.9,0.0,---,---,---,---,---,---,---,---,---,---,40.1470544,-82.8777560
1,873.7,0.0,00:04:24.6,00:02:26.6,3.41,00:00:00.0,0.00,23.5,101,8.4,0.0,---,---,---,---,---,---,---,---,---,---,40.1469802,-82.8777727
1,882.9,0.0,00:04:27.3,00:02:22.8,3.50,00:00:00.0,0.00,23.0,102,9.1,0.0,---,---,---,---,---,---,---,---,---,---,40.1468995,-82.8777925
1,892.5,0.0,00:04:29.9,00:02:21.2,3.54,00:00:00.0,0.00,23.0,103,9.6,0.0,---,---,---,---,---,---,---,---,---,---,40.1468147,-82.8778150
1,901.9,0.0,00:04:32.7,00:02:26.6,3.41,00:00:00.0,0.00,21.0,104,9.3,0.0,---,---,---,---,---,---,---,---,---,---,40.1467321,-82.8778355
1,910.3,0.0,00:04:35.3,00:02:33.3,3.26,00:00:00.0,0.00,22.0,105,8.5,0.0,---,---,---,---,---,---,---,---,---,---,40.1466566,-82.8778495
1,919.1,0.0,00:04:38.1,00:02:38.2,3.16,00:00:00.0,0.00,23.5,106,8.8,0.0,---,---,---,---,---,---,---,---,---,---,40.1465783,-82.8778622
1,927.8,0.0,00:04:40.7,00:02:36.7,3.19,00:00:00.0,0.00,21.0,107,8.7,0.0,---,---,---,---,---,---,---,---,---,---,40.1465012,-82.8778768
1,936.5,0.0,00:04:43.3,00:02:32.9,3.27,00:00:00.0,0.00,23.0,108,8.7,0.0,---,---,---,---,---,---,---,---,---,---,40.1464243,-82.8778930
1,945.7,0.0,00:04:46.1,00:02:31.9,3.29,00:00:00.0,0.00,22.5,109,9.2,0.0,---,---,---,---,---,---,---,---,---,---,40.1463425,-82.8779084
1,954.2,0.0,00:04:48.7,00:02:32.4,3.28,00:00:00.0,0.00,21.5,110,8.6,0.0,---,---,---,---,---,---,---,---,---,---,40.1462664,-82.8779240
1,962.7,0.0,00:04:51.4,00:02:34.3,3.24,00:00:00.0,0.00,22.5,111,8.5,0.0,---,---,---,---,---,---,---,---,---,---,40.1461910,-82.8779400
1,971.6,0.0,00:04:54.3,00:02:33.8,3.25,00:00:00.0,0.00,23.0,112,8.9,0.0,---,---,---,---,---,---,---,---,---,---,40.1461123,-82.8779573
1,981.4,0.0,00:04:57.3,00:02:32.9,3.27,00:00:00.0,0.00,20.0,113,9.8,0.0,---,---,---,---,---,---,---,---,---,---,40.1460255,-82.8779761
1,989.9,0.0,00:04:59.7,00:02:32.9,3.27,00:00:00.0,0.00,23.5,114,8.5,0.0,---,---,---,---,---,---,---,---,---,---,40.1459497,-82.8779895
1,998.6,0.0,00:05:02.3,00:02:33.3,3.26,00:00:00.0,0.00,23.5,115,8.6,0.0,---,---,---,---,---,---,---,---,---,---,40.1458727,-82.8780025
1,1007.3,0.0,00:05:04.9,00:02:31.5,3.30,00:00:00.0,0.00,23.0,116,8.8,0.0,---,---,---,---,---,---,---,---,---,---,40.1457950,-82.8780164
1,1015.9,0.0,00:05:07.5,00:02:30.6,3.32,00:00:00.0,0.00,22.5,117,8.6,0.0,---,---,---,---,---,---,---,---,---,---,40.1457186,-82.8780321
1,1025.0,0.0,00:05:10.3,00:02:33.3,3.26,00:00:00.0,0.00,20.5,118,9.1,0.0,---,---,---,---,---,---,---,---,---,---,40.1456388,-82.8780528
1,1033.9,0.0,00:05:13.1,00:02:36.2,3.20,00:00:00.0,0.00,23.0,119,8.9,0.0,---,---,---,---,---,---,---,---,---,---,40.1455606,-82.8780766
1,1042.4,0.0,00:05:15.7,00:02:35.2,3.22,00:00:00.0,0.00,23.0,120,8.5,0.0,---,---,---,---,---,---,---,---,---,---,40.1454862,-82.8780989
1,1050.5,0.0,00:05:18.3,00:02:31.9,3.29,00:00:00.0,0.00,23.5,121,8.1,0.0,---,---,---,---,---,---,---,---,---,---,40.1454155,-82.8781215
1,1059.3,0.0,00:05:20.7,00:02:27.4,3.39,00:00:00.0,0.00,23.0,122,8.8,0.0,---,---,---,---,---,---,---,---,---,---,40.1453390,-82.8781488
1,1070.0,0.0,00:05:23.9,00:02:27.9,3.38,00:00:00.0,0.00,19.5,123,10.6,0.0,---,---,---,---,---,---,---,---,---,---,40.1452465,-82.8781788
1,1078.4,0.0,00:05:26.5,00:02:33.3,3.26,00:00:00.0,0.00,23.0,124,8.4,0.0,---,---,---,---,---,---,---,---,---,---,40.1451726,-82.8781993
1,1087.2,0.0,00:05:29.1,00:02:34.3,3.24,00:00:00.0,0.00,23.5,125,8.9,0.0,---,---,---,---,---,---,---,---,---,---,40.1450944,-82.8782194
1,1096.7,0.0,00:05:31.7,00:02:25.3,3.44,00:00:00.0,0.00,23.0,126,9.4,0.0,---,---,---,---,---,---,---,---,---,---,40.1450111,-82.8782392
1,1105.0,0.0,00:05:34.1,00:02:22.0,3.52,00:00:00.0,0.00,23.5,127,8.4,0.0,---,---,---,---,---,---,---,---,---,---,40.1449371,-82.8782572
1,1114.8,0.0,00:05:37.1,00:02:27.4,3.39,00:00:00.0,0.00,23.0,128,9.7,0.0,---,---,---,---,---,---,---,---,---,---,40.1448517,-82.8782806
1,1122.7,0.0,00:05:39.6,00:02:31.9,3.29,00:00:00.0,0.00,21.5,129,7.9,0.0,---,---,---,---,---,---,---,---,---,---,40.1447820,-82.8782991
1,1130.9,0.0,00:05:42.4,00:02:36.2,3.20,00:00:00.0,0.00,22.0,130,8.2,0.0,---,---,---,---,---,---,---,---,---,---,40.1447097,-82.8783178
1,1139.9,0.0,00:05:44.9,00:02:34.7,3.23,00:00:00.0,0.00,23.0,131,9.0,0.0,---,---,---,---,---,---,---,---,---,---,40.1446305,-82.8783393
1,1148.5,0.0,00:05:47.5,00:02:32.4,3.28,00:00:00.0,0.00,22.5,132,8.6,0.0,---,---,---,---,---,---,---,---,---,---,40.1445551,-82.8783612
1,1157.6,0.0,00:05:50.3,00:02:34.3,3.24,00:00:00.0,0.00,22.0,133,9.1,0.0,---,---,---,---,---,---,---,---,---,---,40.1444754,-82.8783847
1,1167.2,0.0,00:05:53.3,00:02:36.2,3.20,00:00:00.0,0.00,19.5,134,9.6,0.0,---,---,---,---,---,---,---,---,---,---,40.1443909,-82.8784090
1,1175.3,0.0,00:05:55.9,00:02:40.2,3.12,00:00:00.0,0.00,23.0,135,8.1,0.0,---,---,---,---,---,---,---,---,---,---,40.1443195,-82.8784292
1,1184.3,0.0,00:05:58.7,00:02:40.7,3.11,00:00:00.0,0.00,21.5,136,8.9,0.0,---,---,---,---,---,---,---,---,---,---,40.1442411,-82.8784514
1,1192.6,0.0,00:06:01.3,00:02:37.7,3.17,00:00:00.0,0.00,22.5,137,8.4,0.0,---,---,---,---,---,---,---,---,---,---,40.1441678,-82.8784738
1,1201.6,0.0,00:06:04.1,00:02:36.7,3.19,00:00:00.0,0.00,21.5,138,9.0,0.0,---,---,---,---,---,---,---,---,---,---,40.1440891,-82.8784972
1,1210.7,0.0,00:06:06.9,00:02:35.2,3.22,00:00:00.0,0.00,22.0,139,9.1,0.0,---,---,---,---,---,---,---,---,---,---,40.1440092,-82.8785207
1,1219.3,0.0,00:06:09.6,00:02:34.3,3.24,00:00:00.0,0.00,21.5,140,8.6,0.0,---,---,---,---,---,---,---,---,---,---,40.1439345,-82.8785452
1,1227.9,0.0,00:06:12.3,00:02:32.9,3.27,00:00:00.0,0.00,23.0,141,8.6,0.0,---,---,---,---,---,---,---,---,---,---,40.1438599,-82.8785699
1,1236.8,0.0,00:06:14.9,00:02:31.9,3.29,00:00:00.0,0.00,22.5,142,8.9,0.0,---,---,---,---,---,---,---,---,---,---,40.1437818,-82.8785948
1,1245.2,0.0,00:06:17.5,00:02:33.8,3.25,00:00:00.0,0.00,23.0,143,8.4,0.0,---,---,---,---,---,---,---,---,---,---,40.1437093,-82.8786200
1,1253.8,0.0,00:06:20.1,00:02:36.2,3.20,00:00:00.0,0.00,23.0,144,8.6,0.0,---,---,---,---,---,---,---,---,---,---,40.1436350,-82.8786469
1,1262.3,0.0,00:06:22.7,00:02:34.7,3.23,00:00:00.0,0.00,23.5,145,8.5,0.0,---,---,---,---,---,---,---,---,---,---,40.1435612,-82.8786739
1,1271.1,0.0,00:06:25.5,00:02:35.7,3.21,00:00:00.0,0.00,22.5,146,8.8,0.0,---,---,---,---,---,---,---,---,---,---,40.1434857,-82.8787032
1,1279.0,0.0,00:06:27.9,00:02:37.2,3.18,00:00:00.0,0.00,23.5,147,8.0,0.0,---,---,---,---,---,---,---,---,---,---,40.1434170,-82.8787298
1,1287.6,0.0,00:06:30.6,00:02:34.7,3.23,00:00:00.0,0.00,22.5,148,8.6,0.0,---,---,---,---,---,---,---,---,---,---,40.1433428,-82.8787580
1,1297.3,0.0,00:06:33.6,00:02:33.8,3.25,00:00:00.0,0.00,20.0,149,9.6,0.0,---,---,---,---,---,---,---,---,---,---,40.1432592,-82.8787878
1,1305.5,0.0,00:06:36.3,00:02:36.7,3.19,00:00:00.0,0.00,23.0,150,8.2,0.0,---,---,---,---,---,---,---,---,---,---,40.1431880,-82.8788130
1,1314.4,0.0,00:06:38.9,00:02:37.2,3.18,00:00:00.0,0.00,23.0,151,8.9,0.0,---,---,---,---,---,---,---,---,---,---,40.1431107,-82.8788378
1,1322.7,0.0,00:06:41.5,00:02:37.7,3.17,00:00:00.0,0.00,22.5,152,8.3,0.0,---,---,---,---,---,---,---,---,---,---,40.1430379,-82.8788587
1,1330.9,0.0,00:06:44.1,00:02:42.3,3.08,00:00:00.0,0.00,23.0,153,8.2,0.0,---,---,---,---,---,---,---,---,---,---,40.1429658,-82.8788791
1,1339.7,0.0,00:06:46.9,00:02:40.7,3.11,00:00:00.0,0.00,22.5,154,8.9,0.0,---,---,---,---,---,---,---,---,---,---,40.1428877,-82.8789002
1,1348.3,0.0,00:06:49.5,00:02:34.7,3.23,00:00:00.0,0.00,23.0,155,8.6,0.0,---,---,---,---,---,---,---,---,---,---,40.1428122,-82.8789213
1,1356.8,0.0,00:06:52.1,00:02:33.3,3.26,00:00:00.0,0.00,23.0,156,8.5,0.0,---,---,---,---,---,---,---,---,---,---,40.1427378,-82.8789421
1,1364.8,0.0,00:06:54.6,00:02:34.7,3.23,00:00:00.0,0.00,23.5,157,8.0,0.0,---,---,---,---,---,---,---,---,---,---,40.1426678,-82.8789623
1,1373.5,0.0,00:06:57.3,00:02:31.0,3.31,00:00:00.0,0.00,22.0,158,8.7,0.0,---,---,---,---,---,---,---,---,---,---,40.1425911,-82.8789838
1,1382.1,0.0,00:06:59.7,00:02:27.9,3.38,00:00:00.0,0.00,23.5,159,8.6,0.0,---,---,---,---,---,---,---,---,---,---,40.1425152,-82.8790035
1,1391.6,0.0,00:07:02.7,00:02:30.1,3.33,00:00:00.0,0.00,22.5,160,9.4,0.0,---,---,---,---,---,---,---,---,---,---,40.1424321,-82.8790247
1,1399.3,0.0,00:07:05.1,00:02:35.7,3.21,00:00:00.0,0.00,23.0,161,7.8,0.0,---,---,---,---,---,---,---,---,---,---,40.1423638,-82.8790425
1,1408.1,0.0,00:07:07.9,00:02:38.7,3.15,00:00:00.0,0.00,20.5,162,8.8,0.0,---,---,---,---,---,---,---,---,---,---,40.1422863,-82.8790607
1,1416.2,0.0,00:07:10.5,00:02:39.7,3.13,00:00:00.0,0.00,23.5,163,8.1,0.0,---,---,---,---,---,---,---,---,---,---,40.1422144,-82.8790758
1,1424.5,0.0,00:07:13.1,00:02:38.2,3.16,00:00:00.0,0.00,23.5,164,8.3,0.0,---,---,---,---,---,---,---,---,---,---,40.1421408,-82.8790913
1,1433.2,0.0,00:07:15.7,00:02:32.4,3.28,00:00:00.0,0.00,22.5,165,8.8,0.0,---,---,---,---,---,---,---,---,---,---,40.1420636,-82.8791103
1,1441.9,0.0,00:07:18.5,00:02:28.3,3.37,00:00:00.0,0.00,22.0,166,8.7,0.0,---,---,---,---,---,---,---,---,---,---,40.1419871,-82.8791309
1,1451.1,0.0,00:07:21.4,00:02:26.6,3.41,00:00:00.0,0.00,22.5,167,9.2,0.0,---,---,---,---,---,---,---,---,---,---,40.1419069,-82.8791543
1,1459.8,0.0,00:07:23.7,00:02:26.6,3.41,00:00:00.0,0.00,23.5,168,8.8,0.0,---,---,---,---,---,---,---,---,---,---,40.1418300,-82.8791772
1,1468.3,0.0,00:07:26.1,00:02:27.0,3.40,00:00:00.0,0.00,23.5,169,8.5,0.0,---,---,---,---,---,---,---,---,---,---,40.1417560,-82.8791994
1,1477.7,0.0,00:07:28.9,00:02:27.0,3.40,00:00:00.0,0.00,23.0,170,9.4,0.0,---,---,---,---,---,---,---,---,---,---,40.1416737,-82.8792223
1,1486.1,0.0,00:07:31.3,00:02:26.6,3.41,00:00:00.0,0.00,23.5,171,8.4,0.0,---,---,---,---,---,---,---,---,---,---,40.1415997,-82.8792416
1,1495.3,0.0,00:07:33.9,00:02:23.2,3.49,00:00:00.0,0.00,23.5,172,9.3,0.0,---,---,---,---,---,---,---,---,---,---,40.1415180,-82.8792638
1,1504.2,0.0,00:07:36.5,00:02:20.0,3.57,00:00:00.0,0.00,23.0,173,8.9,0.0,---,---,---,---,---,---,---,---,---,---,40.1414403,-82.8792838
1,1513.7,0.0,00:07:39.4,00:02:20.0,3.57,00:00:00.0,0.00,23.0,174,9.5,0.0,---,---,---,---,---,---,---,---,---,---,40.1413566,-82.8793072
1,1521.2,0.0,00:07:41.3,00:02:29.6,3.34,00:00:00.0,0.00,38.0,175,7.5,0.0,---,---,---,---,---,---,---,---,---,---,40.1412906,-82.8793270
1,1523.9,0.0,00:07:42.4,00:02:28.3,3.37,00:00:00.0,0.00,38.0,176,2.6,0.0,---,---,---,---,---,---,---,---,---,---,40.1412676,-82.8793341
1,1533.1,0.0,00:07:44.9,00:02:22.8,3.50,00:00:00.0,0.00,23.0,177,9.2,0.0,---,---,---,---,---,---,---,---,---,---,40.1411868,-82.8793586
1,1542.0,0.0,00:07:47.5,00:02:28.8,3.36,00:00:00.0,0.00,23.0,178,8.9,0.0,---,---,---,---,---,---,---,---,---,---,40.1411080,-82.8793779
1,1550.7,0.0,00:07:50.1,00:02:31.5,3.30,00:00:00.0,0.00,23.5,179,8.7,0.0,---,---,---,---,---,---,---,---,---,---,40.1410306,-82.8793935
1,1559.0,0.0,00:07:52.6,00:02:31.5,3.30,00:00:00.0,0.00,23.0,180,8.2,0.0,---,---,---,---,---,---,---,---,---,---,40.1409573,-82.8794063
1,1567.8,0.0,00:07:55.1,00:02:29.6,3.34,00:00:00.0,0.00,24.5,181,8.8,0.0,---,---,---,---,---,---,---,---,---,---,40.1408788,-82.8794199
1,1577.1,0.0,00:07:57.9,00:02:30.1,3.33,00:00:00.0,0.00,20.5,182,9.3,0.0,---,---,---,---,---,---,---,---,---,---,40.1407954,-82.8794324
1,1585.0,0.0,00:08:00.5,00:02:32.4,3.28,00:00:00.0,0.00,23.5,183,7.8,0.0,---,---,---,---,---,---,---,---,---,---,40.1407258,-82.8794453
1,1593.9,0.0,00:08:03.4,00:02:32.4,3.28,00:00:00.0,0.00,23.0,184,8.9,0.0,---,---,---,---,---,---,---,---,---,---,40.1406466,-82.8794607
1,1603.0,0.0,00:08:05.9,00:02:30.6,3.32,00:00:00.0,0.00,22.0,185,9.2,0.0,---,---,---,---,---,---,---,---,---,---,40.1405656,-82.8794776
1,1611.6,0.0,00:08:08.5,00:02:32.9,3.27,00:00:00.0,0.00,23.0,186,8.6,0.0,---,---,---,---,---,---,---,---,---,---,40.1404896,-82.8794942
1,1620.3,0.0,00:08:11.1,00:02:34.3,3.24,00:00:00.0,0.00,23.0,187,8.7,0.0,---,---,---,---,---,---,---,---,---,---,40.1404129,-82.8795138
1,1628.5,0.0,00:08:13.5,00:02:30.6,3.32,00:00:00.0,0.00,24.5,188,8.3,0.0,---,---,---,---,---,---,---,---,---,---,40.1403402,-82.8795327
1,1637.2,0.0,00:08:16.0,00:02:24.0,3.47,00:00:00.0,0.00,24.5,189,8.7,0.0,---,---,---,---,---,---,---,---,---,---,40.1402635,-82.8795534
1,1645.4,0.0,00:08:18.4,00:02:19.2,3.59,00:00:00.0,0.00,23.5,190,8.2,0.0,---,---,---,---,---,---,---,---,---,---,40.1401917,-82.8795745
1,1655.6,0.0,00:08:21.4,00:02:18.1,3.62,00:00:00.0,0.00,23.0,191,10.2,0.0,---,---,---,---,---,---,---,---,---,---,40.1401024,-82.8796002
1,1664.1,0.0,00:08:23.5,00:02:19.6,3.58,00:00:00.0,0.00,24.5,192,8.5,0.0,---,---,---,---,---,---,---,---,---,---,40.1400278,-82.8796232
1,1673.4,0.0,00:08:26.1,00:02:22.0,3.52,00:00:00.0,0.00,25.0,193,9.3,0.0,---,---,---,---,---,---,---,---,---,---,40.1399468,-82.8796501
1,1682.4,0.0,00:08:28.5,00:02:19.6,3.58,00:00:00.0,0.00,24.5,194,9.0,0.0,---,---,---,---,---,---,---,---,---,---,40.1398695,-82.8796791
1,1690.8,0.0,00:08:30.7,00:02:15.8,3.68,00:00:00.0,0.00,24.5,195,8.4,0.0,---,---,---,---,---,---,---,---,---,---,40.1397972,-82.8797061
1,1699.6,0.0,00:08:33.4,00:02:15.8,3.68,00:00:00.0,0.00,23.5,196,8.8,0.0,---,---,---,---,---,---,---,---,---,---,40.1397209,-82.8797343
1,1709.2,0.0,00:08:35.9,00:02:16.6,3.66,00:00:00.0,0.00,24.5,197,9.6,0.0,---,---,---,---,---,---,---,---,---,---,40.1396376,-82.8797653
1,1718.5,0.0,00:08:38.5,00:02:18.8,3.60,00:00:00.0,0.00,22.5,198,9.2,0.0,---,---,---,---,---,---,---,---,---,---,40.1395576,-82.8797937
1,1728.5,0.0,00:08:41.5,00:02:26.6,3.41,00:00:00.0,0.00,19.5,199,10.0,0.0,---,---,---,---,---,---,---,---,---,---,40.1394696,-82.8798183
1,1737.2,0.0,00:08:44.2,00:02:33.8,3.25,00:00:00.0,0.00,22.5,200,8.7,0.0,---,---,---,---,---,---,---,---,---,---,40.1393931,-82.8798378
1,1745.8,0.0,00:08:46.7,00:02:32.9,3.27,00:00:00.0,0.00,23.5,201,8.6,0.0,---,---,---,---,---,---,---,---,---,---,40.1393166,-82.8798556
1,1754.5,0.0,00:08:49.3,00:02:31.0,3.31,00:00:00.0,0.00,23.0,202,8.7,0.0,---,---,---,---,---,---,---,---,---,---,40.1392394,-82.8798709
1,1763.1,0.0,00:08:51.9,00:02:33.8,3.25,00:00:00.0,0.00,23.0,203,8.6,0.0,---,---,---,---,---,---,---,---,---,---,40.1391630,-82.8798862
1,1771.8,0.0,00:08:54.6,00:02:33.8,3.25,00:00:00.0,0.00,22.5,204,8.7,0.0,---,---,---,---,---,---,---,---,---,---,40.1390861,-82.8799013
1,1781.4,0.0,00:08:57.6,00:02:30.6,3.32,00:00:00.0,0.00,21.5,205,9.6,0.0,---,---,---,---,---,---,---,---,---,---,40.1390010,-82.8799221
1,1790.1,0.0,00:09:00.4,00:02:28.3,3.37,00:00:00.0,0.00,23.0,206,8.7,0.0,---,---,---,---,---,---,---,---,---,---,40.1389249,-82.8799438
1,1798.7,0.0,00:09:02.7,00:02:29.6,3.34,00:00:00.0,0.00,22.5,207,8.6,0.0,---,---,---,---,---,---,---,---,---,---,40.1388494,-82.8799662
1,1808.5,0.0,00:09:05.9,00:02:36.2,3.20,00:00:00.0,0.00,19.0,208,9.8,0.0,---,---,---,---,---,---,---,---,---,---,40.1387626,-82.8799889
1,1816.7,0.0,00:09:08.5,00:02:41.8,3.09,00:00:00.0,0.00,23.0,209,8.2,0.0,---,---,---,---,---,---,---,---,---,---,40.1386905,-82.8800057
1,1826.1,0.0,00:09:11.5,00:02:40.7,3.11,00:00:00.0,0.00,20.0,210,9.4,0.0,---,---,---,---,---,---,---,---,---,---,40.1386079,-82.8800284
1,1834.4,0.0,00:09:14.1,00:02:41.2,3.10,00:00:00.0,0.00,22.0,211,8.3,0.0,---,---,---,---,---,---,---,---,---,---,40.1385357,-82.8800517
1,1843.3,0.0,00:09:17.0,00:02:39.7,3.13,00:00:00.0,0.00,23.0,212,8.9,0.0,---,---,---,---,---,---,---,---,---,---,40.1384575,-82.8800739
1,1851.9,0.0,00:09:19.5,00:02:35.7,3.21,00:00:00.0,0.00,23.0,213,8.6,0.0,---,---,---,---,---,---,---,---,---,---,40.1383822,-82.8800956
1,1860.1,0.0,00:09:21.9,00:02:33.3,3.26,00:00:00.0,0.00,23.0,214,8.3,0.0,---,---,---,---,---,---,---,---,---,---,40.1383095,-82.8801150
1,1869.0,0.0,00:09:24.6,00:02:29.6,3.34,00:00:00.0,0.00,22.5,215,8.9,0.0,---,---,---,---,---,---,---,---,---,---,40.1382311,-82.8801348
1,1880.6,0.0,00:09:28.1,00:02:30.1,3.33,00:00:00.0,0.00,17.0,216,11.6,0.0,---,---,---,---,---,---,---,---,---,---,40.1381289,-82.8801610
1,1889.3,0.0,00:09:30.9,00:02:36.2,3.20,00:00:00.0,0.00,23.0,217,8.7,0.0,---,---,---,---,---,---,---,---,---,---,40.1380522,-82.8801799
1,1897.3,0.0,00:09:33.5,00:02:38.2,3.16,00:00:00.0,0.00,21.5,218,8.0,0.0,---,---,---,---,---,---,---,---,---,---,40.1379814,-82.8801943
1,1906.0,0.0,00:09:36.4,00:02:33.8,3.25,00:00:00.0,0.00,23.5,219,8.7,0.0,---,---,---,---,---,---,---,---,---,---,40.1379038,-82.8802103
1,1914.3,0.0,00:09:38.7,00:02:33.8,3.25,00:00:00.0,0.00,23.5,220,8.3,0.0,---,---,---,---,---,---,---,---,---,---,40.1378311,-82.8802294
1,1924.2,0.0,00:09:41.9,00:02:38.2,3.16,00:00:00.0,0.00,18.5,221,9.9,0.0,---,---,---,---,---,---,---,---,---,---,40.1377431,-82.8802474
1,1932.3,0.0,00:09:44.5,00:02:42.8,3.07,00:00:00.0,0.00,22.0,222,8.2,0.0,---,---,---,---,---,---,---,---,---,---,40.1376704,-82.8802598
1,1940.7,0.0,00:09:47.1,00:02:41.8,3.09,00:00:00.0,0.00,23.0,223,8.4,0.0,---,---,---,---,---,---,---,---,---,---,40.1375953,-82.8802706
1,1949.7,0.0,00:09:50.0,00:02:39.2,3.14,00:00:00.0,0.00,21.0,224,9.0,0.0,---,---,---,---,---,---,---,---,---,---,40.1375150,-82.8802790
1,1958.3,0.0,00:09:52.7,00:02:40.7,3.11,00:00:00.0,0.00,22.5,225,8.6,0.0,---,---,---,---,---,---,---,---,---,---,40.1374385,-82.8802902
1,1966.8,0.0,00:09:55.5,00:02:43.9,3.05,00:00:00.0,0.00,22.0,226,8.5,0.0,---,---,---,---,---,---,---,---,---,---,40.1373628,-82.8803040
1,1974.6,0.0,00:09:57.9,00:02:48.3,2.97,00:00:00.0,0.00,31.5,227,7.8,0.0,---,---,---,---,---,---,---,---,---,---,40.1372939,-82.8803186
1,1977.1,0.0,00:09:58.7,00:02:40.2,3.12,00:00:00.0,0.00,38.0,228,2.5,0.0,---,---,---,---,---,---,---,---,---,---,40.1372717,-82.8803232
1,1985.7,0.0,00:10:01.5,00:02:36.2,3.20,00:00:00.0,0.00,23.0,229,8.6,0.0,---,---,---,---,---,---,---,---,---,---,40.1371948,-82.8803384
1,1995.3,0.0,00:10:04.5,00:02:39.2,3.14,00:00:00.0,0.00,21.5,230,9.6,0.0,---,---,---,---,---,---,---,---,---,---,40.1371100,-82.8803574
1,2003.3,0.0,00:10:06.9,00:02:36.7,3.19,00:00:00.0,0.00,22.5,231,8.0,0.0,---,---,---,---,---,---,---,---,---,---,40.1370396,-82.8803757
1,2011.6,0.0,00:10:09.5,00:02:33.8,3.25,00:00:00.0,0.00,23.0,232,8.3,0.0,---,---,---,---,---,---,---,---,---,---,40.1369667,-82.8803948
1,2021.1,0.0,00:10:12.4,00:02:26.1,3.42,00:00:00.0,0.00,23.0,233,9.5,0.0,---,---,---,---,---,---,---,---,---,---,40.1368828,-82.8804167
1,2031.0,0.0,00:10:15.4,00:02:24.0,3.47,00:00:00.0,0.00,19.5,234,9.9,0.0,---,---,---,---,---,---,---,---,---,---,40.1367957,-82.8804392
1,2039.6,0.0,00:10:18.0,00:02:29.6,3.34,00:00:00.0,0.00,22.5,235,8.6,0.0,---,---,---,---,---,---,---,---,---,---,40.1367196,-82.8804576
1,2048.6,0.0,00:10:20.7,00:02:35.7,3.21,00:00:00.0,0.00,21.5,236,9.0,0.0,---,---,---,---,---,---,---,---,---,---,40.1366402,-82.8804749
1,2054.9,0.0,00:10:22.8,00:02:47.2,2.99,00:00:00.0,0.00,33.0,237,6.4,0.0,---,---,---,---,---,---,---,---,---,---,40.1365835,-82.8804846
1,2057.4,0.0,00:10:23.5,00:02:41.2,3.10,00:00:00.0,0.00,50.5,238,2.5,0.0,---,---,---,---,---,---,---,---,---,---,40.1365611,-82.8804879
1,2066.0,0.0,00:10:26.3,00:02:36.2,3.20,00:00:00.0,0.00,22.5,239,8.5,0.0,---,---,---,---,---,---,---,---,---,---,40.1364850,-82.8805002
1,2074.9,0.0,00:10:29.2,00:02:43.3,3.06,00:00:00.0,0.00,22.5,240,8.9,0.0,---,---,---,---,---,---,---,---,---,---,40.1364057,-82.8805142
1,2083.8,0.0,00:10:31.9,00:02:38.7,3.15,00:00:00.0,0.00,22.0,241,8.9,0.0,---,---,---,---,---,---,---,---,---,---,40.1363266,-82.8805285
1,2093.6,0.0,00:10:35.0,00:02:37.2,3.18,00:00:00.0,0.00,18.5,242,9.8,0.0,---,---,---,---,---,---,---,---,---,---,40.1362390,-82.8805412
1,2101.8,0.0,00:10:37.5,00:02:39.2,3.14,00:00:00.0,0.00,23.0,243,8.3,0.0,---,---,---,---,---,---,---,---,---,---,40.1361653,-82.8805532
1,2111.0,0.0,00:10:40.3,00:02:36.7,3.19,00:00:00.0,0.00,22.5,244,9.2,0.0,---,---,---,---,---,---,---,---,---,---,40.1360841,-82.8805707
1,2119.7,0.0,00:10:42.9,00:02:32.4,3.28,00:00:00.0,0.00,22.0,245,8.7,0.0,---,---,---,---,---,---,---,---,---,---,40.1360068,-82.8805850
1,2128.4,0.0,00:10:45.6,00:02:31.0,3.31,00:00:00.0,0.00,23.0,246,8.7,0.0,---,---,---,---,---,---,---,---,---,---,40.1359294,-82.8805975
1,2137.1,0.0,00:10:48.4,00:02:28.3,3.37,00:00:00.0,0.00,22.5,247,8.8,0.0,---,---,---,---,---,---,---,---,---,---,40.1358513,-82.8806096
1,2144.9,0.0,00:10:50.5,00:02:30.1,3.33,00:00:00.0,0.00,33.0,248,7.8,0.0,---,---,---,---,---,---,---,---,---,---,40.1357815,-82.8806192
1,2147.1,0.0,00:10:51.4,00:02:28.3,3.37,00:00:00.0,0.00,42.0,249,2.2,0.0,---,---,---,---,---,---,---,---,---,---,40.1357620,-82.8806221
1,2156.4,0.0,00:10:54.4,00:02:27.9,3.38,00:00:00.0,0.00,22.5,250,9.3,0.0,---,---,---,---,---,---,---,---,---,---,40.1356792,-82.8806316
1,2164.1,0.0,00:10:56.5,00:02:38.2,3.16,00:00:00.0,0.00,31.5,251,7.7,0.0,---,---,---,---,---,---,---,---,---,---,40.1356101,-82.8806355
1,2166.0,0.0,00:10:57.4,00:02:34.7,3.23,00:00:00.0,0.00,45.5,252,2.0,0.0,---,---,---,---,---,---,---,---,---,---,40.1355924,-82.8806360
1,2174.9,0.0,00:10:59.9,00:02:31.5,3.30,00:00:00.0,0.00,22.5,253,8.8,0.0,---,---,---,---,---,---,---,---,---,---,40.1355132,-82.8806370
1,2184.4,0.0,00:11:03.0,00:02:36.7,3.19,00:00:00.0,0.00,23.0,254,9.5,0.0,---,---,---,---,---,---,---,---,---,---,40.1354278,-82.8806410
1,2192.5,0.0,00:11:05.3,00:02:37.7,3.17,00:00:00.0,0.00,23.0,255,8.1,0.0,---,---,---,---,---,---,---,---,---,---,40.1353552,-82.8806442
1,2201.2,0.0,00:11:08.0,00:02:36.7,3.19,00:00:00.0,0.00,23.0,256,8.7,0.0,---,---,---,---,---,---,---,---,---,---,40.1352770,-82.8806487
1,2209.9,0.0,00:11:10.5,00:02:33.3,3.26,00:00:00.0,0.00,23.0,257,8.8,0.0,---,---,---,---,---,---,---,---,---,---,40.1351982,-82.8806511
1,2218.5,0.0,00:11:13.1,00:02:32.4,3.28,00:00:00.0,0.00,23.0,258,8.6,0.0,---,---,---,---,---,---,---,---,---,---,40.1351214,-82.8806540
1,2226.5,0.0,00:11:15.6,00:02:34.3,3.24,00:00:00.0,0.00,23.5,259,8.0,0.0,---,---,---,---,---,---,---,---,---,---,40.1350495,-82.8806548
1,2234.2,0.0,00:11:18.0,00:02:37.2,3.18,00:00:00.0,0.00,33.0,260,7.7,0.0,---,---,---,---,---,---,---,---,---,---,40.1349808,-82.8806561
1,2236.6,0.0,00:11:18.7,00:02:34.7,3.23,00:00:00.0,0.00,42.0,261,2.5,0.0,---,---,---,---,---,---,---,---,---,---,40.1349587,-82.8806565
1,2245.1,0.0,00:11:21.6,00:02:35.7,3.21,00:00:00.0,0.00,22.5,262,8.5,0.0,---,---,---,---,---,---,---,---,---,---,40.1348827,-82.8806586
1,2253.0,0.0,00:11:24.4,00:02:42.8,3.07,00:00:00.0,0.00,21.0,263,8.0,0.0,---,---,---,---,---,---,---,---,---,---,40.1348112,-82.8806619
1,2261.5,0.0,00:11:27.0,00:02:40.7,3.11,00:00:00.0,0.00,23.0,264,8.4,0.0,---,---,---,---,---,---,---,---,---,---,40.1347352,-82.8806628
1,2269.5,0.0,00:11:29.6,00:02:40.2,3.12,00:00:00.0,0.00,23.5,265,8.0,0.0,---,---,---,---,---,---,---,---,---,---,40.1346636,-82.8806633
1,2278.3,0.0,00:11:32.6,00:02:43.3,3.06,00:00:00.0,0.00,23.0,266,8.8,0.0,---,---,---,---,---,---,---,---,---,---,40.1345839,-82.8806669
1,2285.5,0.0,00:11:34.8,00:02:43.3,3.06,00:00:00.0,0.00,23.0,267,7.2,0.0,---,---,---,---,---,---,---,---,---,---,40.1345195,-82.8806709
1,2293.6,0.0,00:11:37.4,00:02:41.2,3.10,00:00:00.0,0.00,23.5,268,8.1,0.0,---,---,---,---,---,---,---,---,---,---,40.1344470,-82.8806779
1,2303.0,0.0,00:11:40.4,00:02:39.7,3.13,00:00:00.0,0.00,19.5,269,9.4,0.0,---,---,---,---,---,---,---,---,---,---,40.1343628,-82.8806860
1,2311.1,0.0,00:11:43.1,00:02:43.9,3.05,00:00:00.0,0.00,22.0,270,8.1,0.0,---,---,---,---,---,---,---,---,---,---,40.1342906,-82.8806925
1,2319.0,0.0,00:11:45.7,00:02:48.3,2.97,00:00:00.0,0.00,22.5,271,7.9,0.0,---,---,---,---,---,---,---,---,---,---,40.1342200,-82.8807015
1,2326.8,0.0,00:11:48.4,00:02:42.3,3.08,00:00:00.0,0.00,22.5,272,7.8,0.0,---,---,---,---,---,---,---,---,---,---,40.1341504,-82.8807121
1,2336.1,0.0,00:11:51.4,00:02:34.7,3.23,00:00:00.0,0.00,22.0,273,9.3,0.0,---,---,---,---,---,---,---,---,---,---,40.1340672,-82.8807237
1,2345.6,0.0,00:11:54.4,00:02:34.7,3.23,00:00:00.0,0.00,19.0,274,9.6,0.0,---,---,---,---,---,---,---,---,---,---,40.1339820,-82.8807376
1,2354.4,0.0,00:11:57.0,00:02:36.7,3.19,00:00:00.0,0.00,21.5,275,8.8,0.0,---,---,---,---,---,---,---,---,---,---,40.1339038,-82.8807487
1,2363.2,0.0,00:11:59.8,00:02:38.2,3.16,00:00:00.0,0.00,23.0,276,8.9,0.0,---,---,---,---,---,---,---,---,---,---,40.1338244,-82.8807546
1,2371.9,0.0,00:12:02.3,00:02:38.7,3.15,00:00:00.0,0.00,22.5,277,8.6,0.0,---,---,---,---,---,---,---,---,---,---,40.1337470,-82.8807599
1,2382.2,0.0,00:12:05.6,00:02:36.7,3.19,00:00:00.0,0.00,20.0,278,10.3,0.0,---,---,---,---,---,---,---,---,---,---,40.1336546,-82.8807610
1,2390.1,0.0,00:12:08.0,00:02:38.7,3.15,00:00:00.0,0.00,23.0,279,7.9,0.0,---,---,---,---,---,---,---,---,---,---,40.1335835,-82.8807631
1,2398.5,0.0,00:12:10.6,00:02:39.7,3.13,00:00:00.0,0.00,23.0,280,8.4,0.0,---,---,---,---,---,---,---,---,---,---,40.1335083,-82.8807659
1,2406.8,0.0,00:12:13.2,00:02:43.3,3.06,00:00:00.0,0.00,36.0,281,8.4,0.0,---,---,---,---,---,---,---,---,---,---,40.1334335,-82.8807704
1,2409.7,0.0,00:12:14.2,00:02:37.7,3.17,00:00:00.0,0.00,31.5,282,3.0,0.0,---,---,---,---,---,---,---,---,---,---,40.1334070,-82.8807721
1,2417.8,0.0,00:12:16.7,00:02:35.2,3.22,00:00:00.0,0.00,23.0,283,8.1,0.0,---,---,---,---,---,---,---,---,---,---,40.1333347,-82.8807785
1,2426.3,0.0,00:12:19.6,00:02:41.8,3.09,00:00:00.0,0.00,21.5,284,8.5,0.0,---,---,---,---,---,---,---,---,---,---,40.1332586,-82.8807888
1,2434.4,0.0,00:12:22.1,00:02:40.7,3.11,00:00:00.0,0.00,23.5,285,8.1,0.0,---,---,---,---,---,---,---,---,---,---,40.1331862,-82.8807992
1,2442.9,0.0,00:12:24.7,00:02:37.7,3.17,00:00:00.0,0.00,22.0,286,8.5,0.0,---,---,---,---,---,---,---,---,---,---,40.1331110,-82.8808134
1,2454.0,0.0,00:12:28.3,00:02:37.2,3.18,00:00:00.0,0.00,16.5,287,11.1,0.0,---,---,---,---,---,---,---,---,---,---,40.1330121,-82.8808287
1,2461.9,0.0,00:12:31.0,00:02:43.3,3.06,00:00:00.0,0.00,23.0,288,8.0,0.0,---,---,---,---,---,---,---,---,---,---,40.1329412,-82.8808395
1,2470.5,0.0,00:12:33.7,00:02:43.9,3.05,00:00:00.0,0.00,21.5,289,8.6,0.0,---,---,---,---,---,---,---,---,---,---,40.1328643,-82.8808505
1,2478.8,0.0,00:12:36.5,00:02:39.7,3.13,00:00:00.0,0.00,21.5,290,8.3,0.0,---,---,---,---,---,---,---,---,---,---,40.1327899,-82.8808561
1,2487.2,0.0,00:12:39.0,00:02:36.7,3.19,00:00:00.0,0.00,24.5,291,8.3,0.0,---,---,---,---,---,---,---,---,---,---,40.1327150,-82.8808582
1,2497.9,0.0,00:12:42.5,00:02:36.7,3.19,00:00:00.0,0.00,17.0,292,10.7,0.0,---,---,---,---,---,---,---,---,---,---,40.1326192,-82.8808654
1,2506.6,0.0,00:12:45.4,00:02:39.2,3.14,00:00:00.0,0.00,20.5,293,8.7,0.0,---,---,---,---,---,---,---,---,---,---,40.1325411,-82.8808721
1,2515.7,0.0,00:12:48.4,00:02:37.7,3.17,00:00:00.0,0.00,23.0,294,9.2,0.0,---,---,---,---,---,---,---,---,---,---,40.1324590,-82.8808785
1,2524.7,0.0,00:12:51.0,00:02:35.7,3.21,00:00:00.0,0.00,21.5,295,9.0,0.0,---,---,---,---,---,---,---,---,---,---,40.1323786,-82.8808834
1,2532.9,0.0,00:12:53.6,00:02:44.4,3.04,00:00:00.0,0.00,34.5,296,8.2,0.0,---,---,---,---,---,---,---,---,---,---,40.1323048,-82.8808876
1,2534.8,0.0,00:12:54.4,00:02:43.3,3.06,00:00:00.0,0.00,32.0,297,1.9,0.0,---,---,---,---,---,---,---,---,---,---,40.1322875,-82.8808888
1,2543.1,0.0,00:12:57.0,00:02:37.7,3.17,00:00:00.0,0.00,23.5,298,8.3,0.0,---,---,---,---,---,---,---,---,---,---,40.1322133,-82.8808929
1,2551.3,0.0,00:12:59.6,00:02:41.8,3.09,00:00:00.0,0.00,23.5,299,8.2,0.0,---,---,---,---,---,---,---,---,---,---,40.1321400,-82.8808970
1,2559.2,0.0,00:13:02.0,00:02:40.2,3.12,00:00:00.0,0.00,24.5,300,8.0,0.0,---,---,---,---,---,---,---,---,---,---,40.1320688,-82.8809028
1,2569.2,0.0,00:13:05.2,00:02:37.7,3.17,00:00:00.0,0.00,19.5,301,10.0,0.0,---,---,---,---,---,---,---,---,---,---,40.1319798,-82.8809152
1,2577.6,0.0,00:13:07.8,00:02:37.7,3.17,00:00:00.0,0.00,23.0,302,8.4,0.0,---,---,---,---,---,---,---,---,---,---,40.1319045,-82.8809259
1,2589.3,0.0,00:13:11.6,00:02:39.7,3.13,00:00:00.0,0.00,15.5,303,11.7,0.0,---,---,---,---,---,---,---,---,---,---,40.1318004,-82.8809405
1,2597.7,0.0,00:13:14.6,00:02:48.3,2.97,00:00:00.0,0.00,21.0,304,8.5,0.0,---,---,---,---,---,---,---,---,---,---,40.1317245,-82.8809474
1,2605.7,0.0,00:13:17.2,00:02:54.8,2.86,00:00:00.0,0.00,23.0,305,8.0,0.0,---,---,---,---,---,---,---,---,---,---,40.1316528,-82.8809528
1,2614.0,0.0,00:13:19.8,00:02:46.1,3.01,00:00:00.0,0.00,22.5,306,8.3,0.0,---,---,---,---,---,---,---,---,---,---,40.1315782,-82.8809570
1,2622.7,0.0,00:13:22.5,00:02:39.7,3.13,00:00:00.0,0.00,21.5,307,8.7,0.0,---,---,---,---,---,---,---,---,---,---,40.1315004,-82.8809641
1,2632.1,0.0,00:13:25.6,00:02:40.2,3.12,00:00:00.0,0.00,20.0,308,9.4,0.0,---,---,---,---,---,---,---,---,---,---,40.1314160,-82.8809701
1,2640.6,0.0,00:13:28.2,00:02:40.2,3.12,00:00:00.0,0.00,23.0,309,8.5,0.0,---,---,---,---,---,---,---,---,---,---,40.1313402,-82.8809730
1,2650.8,0.0,00:13:31.4,00:02:38.2,3.16,00:00:00.0,0.00,18.5,310,10.2,0.0,---,---,---,---,---,---,---,---,---,---,40.1312480,-82.8809769
1,2660.0,0.0,00:13:34.4,00:02:40.2,3.12,00:00:00.0,0.00,20.0,311,9.1,0.0,---,---,---,---,---,---,---,---,---,---,40.1311662,-82.8809816
1,2667.4,0.0,00:13:37.0,00:02:47.7,2.98,00:00:00.0,0.00,23.5,312,7.5,0.0,---,---,---,---,---,---,---,---,---,---,40.1310990,-82.8809854
1,2673.6,0.0,00:13:39.6,00:02:57.9,2.81,00:00:00.0,0.00,22.5,313,6.2,0.0,---,---,---,---,---,---,---,---,---,---,40.1310461,-82.8809608
1,2681.8,0.0,00:13:42.5,00:03:05.8,2.69,00:00:00.0,0.00,20.0,314,8.2,0.0,---,---,---,---,---,---,---,---,---,---,40.1309706,-82.8809656
1,2690.7,0.0,00:13:45.4,00:02:55.4,2.85,00:00:00.0,0.00,21.5,315,8.9,0.0,---,---,---,---,---,---,---,---,---,---,40.1308906,-82.8809723
1,2700.2,0.0,00:13:48.4,00:02:45.0,3.03,00:00:00.0,0.00,21.5,316,9.5,0.0,---,---,---,---,---,---,---,---,---,---,40.1308056,-82.8809747
1,2709.1,0.0,00:13:51.0,00:02:48.3,2.97,00:00:00.0,0.00,20.5,317,8.9,0.0,---,---,---,---,---,---,---,---,---,---,40.1307256,-82.8809684
1,2718.3,0.0,00:13:54.0,00:02:50.6,2.93,00:00:00.0,0.00,21.0,318,9.2,0.0,---,---,---,---,---,---,---,---,---,---,40.1306434,-82.8809556
1,2727.8,0.0,00:13:57.0,00:02:46.6,3.00,00:00:00.0,0.00,19.5,319,9.5,0.0,---,---,---,---,---,---,---,---,---,---,40.1305599,-82.8809349
1,2736.7,0.0,00:13:59.8,00:02:42.3,3.08,00:00:00.0,0.00,21.5,320,8.9,0.0,---,---,---,---,---,---,---,---,---,---,40.1304825,-82.8809099
1,2745.2,0.0,00:14:02.4,00:02:38.7,3.15,00:00:00.0,0.00,22.0,321,8.6,0.0,---,---,---,---,---,---,---,---,---,---,40.1304093,-82.8808805
1,2754.4,0.0,00:14:05.2,00:02:40.7,3.11,00:00:00.0,0.00,34.5,322,9.2,0.0,---,---,---,---,---,---,---,---,---,---,40.1303318,-82.8808420
1,2757.0,0.0,00:14:06.0,00:02:34.7,3.23,00:00:00.0,0.00,30.5,323,2.6,0.0,---,---,---,---,---,---,---,---,---,---,40.1303108,-82.8808301
1,2766.3,0.0,00:14:09.0,00:02:31.5,3.30,00:00:00.0,0.00,22.0,324,9.3,0.0,---,---,---,---,---,---,---,---,---,---,40.1302358,-82.8807821
1,2774.8,0.0,00:14:11.6,00:02:35.2,3.22,00:00:00.0,0.00,22.5,325,8.6,0.0,---,---,---,---,---,---,---,---,---,---,40.1301682,-82.8807342
1,2783.4,0.0,00:14:14.2,00:02:33.3,3.26,00:00:00.0,0.00,22.0,326,8.6,0.0,---,---,---,---,---,---,---,---,---,---,40.1301002,-82.8806872
1,2792.1,0.0,00:14:16.8,00:02:31.9,3.29,00:00:00.0,0.00,23.0,327,8.7,0.0,---,---,---,---,---,---,---,---,---,---,40.1300314,-82.8806380
1,2801.4,0.0,00:14:19.6,00:02:28.8,3.36,00:00:00.0,0.00,23.0,328,9.3,0.0,---,---,---,---,---,---,---,---,---,---,40.1299588,-82.8805840
1,2810.0,0.0,00:14:22.2,00:02:29.6,3.34,00:00:00.0,0.00,23.0,329,8.6,0.0,---,---,---,---,---,---,---,---,---,---,40.1298909,-82.8805370
1,2817.5,0.0,00:14:24.6,00:02:35.7,3.21,00:00:00.0,0.00,22.0,330,7.5,0.0,---,---,---,---,---,---,---,---,---,---,40.1298312,-82.8804958
1,2826.3,0.0,00:14:27.5,00:02:39.2,3.14,00:00:00.0,0.00,21.5,331,8.8,0.0,---,---,---,---,---,---,---,---,---,---,40.1297599,-82.8804499
1,2835.2,0.0,00:14:30.4,00:02:35.2,3.22,00:00:00.0,0.00,23.0,332,8.9,0.0,---,---,---,---,---,---,---,---,---,---,40.1296879,-82.8804042
1,2845.4,0.0,00:14:33.5,00:02:34.7,3.23,00:00:00.0,0.00,17.5,333,10.2,0.0,---,---,---,---,---,---,---,---,---,---,40.1296065,-82.8803492
1,2853.9,0.0,00:14:36.4,00:02:39.2,3.14,00:00:00.0,0.00,22.0,334,8.5,0.0,---,---,---,---,---,---,---,---,---,---,40.1295402,-82.8802998
1,2862.5,0.0,00:14:39.0,00:02:40.7,3.11,00:00:00.0,0.00,22.0,335,8.6,0.0,---,---,---,---,---,---,---,---,---,---,40.1294751,-82.8802450
1,2870.9,0.0,00:14:41.6,00:02:40.7,3.11,00:00:00.0,0.00,21.5,336,8.3,0.0,---,---,---,---,---,---,---,---,---,---,40.1294113,-82.8801945
1,2879.7,0.0,00:14:44.4,00:02:40.2,3.12,00:00:00.0,0.00,23.5,337,8.9,0.0,---,---,---,---,---,---,---,---,---,---,40.1293427,-82.8801410
1,2888.3,0.0,00:14:47.0,00:02:36.2,3.20,00:00:00.0,0.00,22.0,338,8.6,0.0,---,---,---,---,---,---,---,---,---,---,40.1292772,-82.8800874
1,2897.6,0.0,00:14:49.8,00:02:31.0,3.31,00:00:00.0,0.00,22.5,339,9.3,0.0,---,---,---,---,---,---,---,---,---,---,40.1292071,-82.8800281
1,2906.0,0.0,00:14:52.2,00:02:28.3,3.37,00:00:00.0,0.00,22.0,340,8.5,0.0,---,---,---,---,---,---,---,---,---,---,40.1291434,-82.8799749
1,2915.5,0.0,00:14:55.0,00:02:27.0,3.40,00:00:00.0,0.00,22.5,341,9.5,0.0,---,---,---,---,---,---,---,---,---,---,40.1290719,-82.8799146
1,2924.6,0.0,00:14:57.6,00:02:25.7,3.43,00:00:00.0,0.00,22.0,342,9.0,0.0,---,---,---,---,---,---,---,---,---,---,40.1290042,-82.8798558
1,2933.6,0.0,00:15:00.4,00:02:23.6,3.48,00:00:00.0,0.00,22.5,343,9.1,0.0,---,---,---,---,---,---,---,---,---,---,40.1289371,-82.8797959
1,2943.0,0.0,00:15:03.0,00:02:22.8,3.50,00:00:00.0,0.00,23.0,344,9.4,0.0,---,---,---,---,---,---,---,---,---,---,40.1288672,-82.8797332
1,2952.3,0.0,00:15:05.8,00:02:26.6,3.41,00:00:00.0,0.00,21.5,345,9.3,0.0,---,---,---,---,---,---,---,---,---,---,40.1287983,-82.8796723
1,2961.0,0.0,00:15:08.4,00:02:32.9,3.27,00:00:00.0,0.00,22.5,346,8.7,0.0,---,---,---,---,---,---,---,---,---,---,40.1287337,-82.8796149
1,2971.1,0.0,00:15:11.6,00:02:37.2,3.18,00:00:00.0,0.00,19.0,347,10.1,0.0,---,---,---,---,---,---,---,---,---,---,40.1286605,-82.8795448
1,2979.0,0.0,00:15:14.0,00:02:40.7,3.11,00:00:00.0,0.00,24.5,348,7.9,0.0,---,---,---,---,---,---,---,---,---,---,40.1286026,-82.8794913
1,2988.2,0.0,00:15:16.8,00:02:36.2,3.20,00:00:00.0,0.00,22.5,349,9.2,0.0,---,---,---,---,---,---,---,---,---,---,40.1285354,-82.8794287
1,2997.0,0.0,00:15:19.4,00:02:30.6,3.32,00:00:00.0,0.00,22.0,350,8.8,0.0,---,---,---,---,---,---,---,---,---,---,40.1284714,-82.8793677
1,3006.2,0.0,00:15:22.2,00:02:31.5,3.30,00:00:00.0,0.00,22.5,351,9.2,0.0,---,---,---,---,---,---,---,---,---,---,40.1284036,-82.8793064
1,3015.6,0.0,00:15:25.2,00:02:34.3,3.24,00:00:00.0,0.00,21.5,352,9.5,0.0,---,---,---,---,---,---,---,---,---,---,40.1283341,-82.8792423
1,3022.6,0.0,00:15:27.4,00:02:34.7,3.23,00:00:00.0,0.00,23.5,353,7.0,0.0,---,---,---,---,---,---,---,---,---,---,40.1282827,-82.8791953
1,3039.0,0.0,00:15:32.8,00:02:36.7,3.19,00:00:00.0,0.00,11.5,354,16.4,0.0,---,---,---,---,---,---,---,---,---,---,40.1281599,-82.8790888
1,3045.8,0.0,00:15:35.2,00:02:53.6,2.88,00:00:00.0,0.00,22.0,355,6.8,0.0,---,---,---,---,---,---,---,---,---,---,40.1281081,-82.8790464
1,3054.4,0.0,00:15:38.0,00:02:56.6,2.83,00:00:00.0,0.00,22.0,356,8.6,0.0,---,---,---,---,---,---,---,---,---,---,40.1280430,-82.8789925
1,3062.8,0.0,00:15:40.6,00:02:41.2,3.10,00:00:00.0,0.00,23.0,357,8.3,0.0,---,---,---,---,---,---,---,---,---,---,40.1279787,-82.8789412
1,3071.3,0.0,00:15:43.2,00:02:36.2,3.20,00:00:00.0,0.00,23.0,358,8.5,0.0,---,---,---,---,---,---,---,---,---,---,40.1279132,-82.8788903
1,3079.6,0.0,00:15:45.8,00:02:34.7,3.23,00:00:00.0,0.00,22.0,359,8.3,0.0,---,---,---,---,---,---,---,---,---,---,40.1278477,-82.8788424
1,3088.7,0.0,00:15:48.6,00:02:34.7,3.23,00:00:00.0,0.00,20.5,360,9.0,0.0,---,---,---,---,---,---,---,---,---,---,40.1277765,-82.8787913
1,3097.1,0.0,00:15:51.4,00:02:34.3,3.24,00:00:00.0,0.00,23.0,361,8.4,0.0,---,---,---,---,---,---,---,---,---,---,40.1277099,-82.8787445
1,3108.3,0.0,00:15:54.8,00:02:36.7,3.19,00:00:00.0,0.00,34.5,362,11.2,0.0,---,---,---,---,---,---,---,---,---,---,40.1276217,-82.8786808
1,3110.6,0.0,00:15:55.6,00:02:39.2,3.14,00:00:00.0,0.00,23.5,363,2.3,0.0,---,---,---,---,---,---,---,---,---,---,40.1276040,-82.8786677
1,3118.7,0.0,00:15:58.4,00:02:45.5,3.02,00:00:00.0,0.00,22.0,364,8.1,0.0,---,---,---,---,---,---,---,---,---,---,40.1275415,-82.8786183
1,3126.7,0.0,00:16:01.0,00:02:50.0,2.94,00:00:00.0,0.00,22.5,365,8.1,0.0,---,---,---,---,---,---,---,---,---,---,40.1274793,-82.8785699
1,3135.0,0.0,00:16:03.6,00:02:43.3,3.06,00:00:00.0,0.00,22.0,366,8.2,0.0,---,---,---,---,---,---,---,---,---,---,40.1274153,-82.8785213
1,3143.0,0.0,00:16:06.4,00:02:37.2,3.18,00:00:00.0,0.00,22.5,367,8.1,0.0,---,---,---,---,---,---,---,---,---,---,40.1273522,-82.8784746
1,3151.8,0.0,00:16:09.0,00:02:33.8,3.25,00:00:00.0,0.00,23.0,368,8.7,0.0,---,---,---,---,---,---,---,---,---,---,40.1272832,-82.8784265
1,3160.4,0.0,00:16:11.8,00:02:35.7,3.21,00:00:00.0,0.00,22.0,369,8.6,0.0,---,---,---,---,---,---,---,---,---,---,40.1272141,-82.8783802
1,3168.6,0.0,00:16:14.4,00:02:40.7,3.11,00:00:00.0,0.00,22.5,370,8.2,0.0,---,---,---,---,---,---,---,---,---,---,40.1271489,-82.8783363
1,3177.3,0.0,00:16:17.2,00:02:42.3,3.08,00:00:00.0,0.00,22.0,371,8.7,0.0,---,---,---,---,---,---,---,---,---,---,40.1270796,-82.8782892
1,3185.6,0.0,00:16:19.8,00:02:40.7,3.11,00:00:00.0,0.00,22.5,372,8.4,0.0,---,---,---,---,---,---,---,---,---,---,40.1270132,-82.8782425
1,3194.2,0.0,00:16:22.4,00:02:38.7,3.15,00:00:00.0,0.00,22.0,373,8.6,0.0,---,---,---,---,---,---,---,---,---,---,40.1269451,-82.8781953
1,3203.2,0.0,00:16:25.2,00:02:37.7,3.17,00:00:00.0,0.00,22.5,374,9.0,0.0,---,---,---,---,---,---,---,---,---,---,40.1268748,-82.8781438
1,3213.6,0.0,00:16:28.4,00:02:43.3,3.06,00:00:00.0,0.00,34.5,375,10.4,0.0,---,---,---,---,---,---,---,---,---,---,40.1267928,-82.8780862
1,3215.8,0.0,00:16:29.2,00:02:43.3,3.06,00:00:00.0,0.00,25.5,376,2.2,0.0,---,---,---,---,---,---,---,---,---,---,40.1267754,-82.8780738
1,3224.0,0.0,00:16:32.0,00:02:45.5,3.02,00:00:00.0,0.00,22.0,377,8.2,0.0,---,---,---,---,---,---,---,---,---,---,40.1267115,-82.8780248
1,3232.5,0.0,00:16:34.8,00:02:50.0,2.94,00:00:00.0,0.00,21.5,378,8.5,0.0,---,---,---,---,---,---,---,---,---,---,40.1266453,-82.8779744
1,3241.3,0.0,00:16:37.6,00:02:43.9,3.05,00:00:00.0,0.00,21.0,379,8.7,0.0,---,---,---,---,---,---,---,---,---,---,40.1265768,-82.8779242
1,3249.2,0.0,00:16:40.2,00:02:43.3,3.06,00:00:00.0,0.00,23.0,380,7.9,0.0,---,---,---,---,---,---,---,---,---,---,40.1265144,-82.8778792
1,3257.5,0.0,00:16:42.8,00:02:41.8,3.09,00:00:00.0,0.00,22.0,381,8.3,0.0,---,---,---,---,---,---,---,---,---,---,40.1264492,-82.8778324
1,3266.0,0.0,00:16:45.5,00:02:36.2,3.20,00:00:00.0,0.00,21.5,382,8.6,0.0,---,---,---,---,---,---,---,---,---,---,40.1263820,-82.8777835
1,3275.1,0.0,00:16:48.4,00:02:32.4,3.28,00:00:00.0,0.00,22.0,383,9.0,0.0,---,---,---,---,---,---,---,---,---,---,40.1263117,-82.8777306
1,3283.6,0.0,00:16:50.8,00:02:29.6,3.34,00:00:00.0,0.00,24.5,384,8.5,0.0,---,---,---,---,---,---,---,---,---,---,40.1262459,-82.8776793
1,3293.0,0.0,00:16:53.6,00:02:29.2,3.35,00:00:00.0,0.00,21.5,385,9.4,0.0,---,---,---,---,---,---,---,---,---,---,40.1261732,-82.8776240
1,3301.8,0.0,00:16:56.2,00:02:31.5,3.30,00:00:00.0,0.00,23.0,386,8.8,0.0,---,---,---,---,---,---,---,---,---,---,40.1261054,-82.8775709
1,3310.4,0.0,00:16:58.8,00:02:32.9,3.27,00:00:00.0,0.00,22.0,387,8.6,0.0,---,---,---,---,---,---,---,---,---,---,40.1260394,-82.8775171
1,3319.0,0.0,00:17:01.4,00:02:32.4,3.28,00:00:00.0,0.00,22.5,388,8.7,0.0,---,---,---,---,---,---,---,---,---,---,40.1259751,-82.8774612
1,3328.0,0.0,00:17:04.2,00:02:33.3,3.26,00:00:00.0,0.00,23.0,389,9.0,0.0,---,---,---,---,---,---,---,---,---,---,40.1259097,-82.8773985
1,3339.9,0.0,00:17:08.0,00:02:36.7,3.19,00:00:00.0,0.00,15.5,390,11.8,0.0,---,---,---,---,---,---,---,---,---,---,40.1258259,-82.8773128
1,3348.0,0.0,00:17:10.6,00:02:41.2,3.10,00:00:00.0,0.00,23.0,391,8.1,0.0,---,---,---,---,---,---,---,---,---,---,40.1257698,-82.8772523
1,3356.2,0.0,00:17:13.2,00:02:42.3,3.08,00:00:00.0,0.00,22.5,392,8.3,0.0,---,---,---,---,---,---,---,---,---,---,40.1257122,-82.8771912
1,3365.1,0.0,00:17:16.0,00:02:40.2,3.12,00:00:00.0,0.00,21.5,393,8.9,0.0,---,---,---,---,---,---,---,---,---,---,40.1256506,-82.8771248
1,3377.9,0.0,00:17:20.2,00:02:41.2,3.10,00:00:00.0,0.00,14.5,394,12.8,0.0,---,---,---,---,---,---,---,---,---,---,40.1255617,-82.8770301
1,3386.0,0.0,00:17:23.0,00:02:48.3,2.97,00:00:00.0,0.00,22.5,395,8.1,0.0,---,---,---,---,---,---,---,---,---,---,40.1255071,-82.8769672
1,3394.2,0.0,00:17:25.6,00:02:47.7,2.98,00:00:00.0,0.00,21.5,396,8.2,0.0,---,---,---,---,---,---,---,---,---,---,40.1254517,-82.8769033
1,3402.9,0.0,00:17:28.4,00:02:41.2,3.10,00:00:00.0,0.00,22.0,397,8.7,0.0,---,---,---,---,---,---,---,---,---,---,40.1253935,-82.8768347
1,3411.6,0.0,00:17:31.2,00:02:42.3,3.08,00:00:00.0,0.00,21.0,398,8.6,0.0,---,---,---,---,---,---,---,---,---,---,40.1253366,-82.8767649
1,3420.3,0.0,00:17:34.0,00:02:43.9,3.05,00:00:00.0,0.00,21.5,399,8.7,0.0,---,---,---,---,---,---,---,---,---,---,40.1252802,-82.8766951
1,3428.0,0.0,00:17:36.5,00:02:41.8,3.09,00:00:00.0,0.00,23.0,400,7.8,0.0,---,---,---,---,---,---,---,---,---,---,40.1252299,-82.8766319
1,3452.9,0.0,00:17:46.9,00:03:21.6,2.48,00:00:00.0,0.00,22.5,401,24.9,0.0,---,---,---,---,---,---,---,---,---,---,40.1250513,-82.8764134
1,3458.9,0.0,00:17:49.9,00:04:33.2,1.83,00:00:00.0,0.00,20.0,402,6.1,0.0,---,---,---,---,---,---,---,---,---,---,40.1250115,-82.8763650
1,3465.8,0.0,00:17:52.4,00:03:50.4,2.17,00:00:00.0,0.00,21.0,403,6.9,0.0,---,---,---,---,---,---,---,---,---,---,40.1249648,-82.8763123
1,3473.9,0.0,00:17:55.9,00:03:20.8,2.49,00:00:00.0,0.00,21.5,404,8.1,0.0,---,---,---,---,---,---,---,---,---,---,40.1249113,-82.8762472
1,3480.8,0.0,00:17:58.0,00:03:09.3,2.64,00:00:00.0,0.00,21.5,405,6.9,0.0,---,---,---,---,---,---,---,---,---,---,40.1248656,-82.8761931
1,3488.7,0.0,00:18:00.8,00:03:09.3,2.64,00:00:00.0,0.00,30.5,406,7.9,0.0,---,---,---,---,---,---,---,---,---,---,40.1248130,-82.8761310
1,3490.9,0.0,00:18:01.9,00:03:02.4,2.74,00:00:00.0,0.00,33.0,407,2.3,0.0,---,---,---,---,---,---,---,---,---,---,40.1247979,-82.8761134
1,3499.1,0.0,00:18:04.9,00:02:55.4,2.85,00:00:00.0,0.00,21.0,408,8.2,0.0,---,---,---,---,---,---,---,---,---,---,40.1247415,-82.8760519
1,3508.3,0.0,00:18:08.0,00:02:59.8,2.78,00:00:00.0,0.00,33.0,409,9.2,0.0,---,---,---,---,---,---,---,---,---,---,40.1246784,-82.8759829
1,3510.9,0.0,00:18:08.8,00:02:57.3,2.82,00:00:00.0,0.00,24.5,410,2.7,0.0,---,---,---,---,---,---,---,---,---,---,40.1246593,-82.8759636
1,3519.0,0.0,00:18:11.8,00:02:59.8,2.78,00:00:00.0,0.00,21.0,411,8.0,0.0,---,---,---,---,---,---,---,---,---,---,40.1246004,-82.8759095
1,3526.6,0.0,00:18:14.4,00:03:00.5,2.77,00:00:00.0,0.00,21.5,412,7.7,0.0,---,---,---,---,---,---,---,---,---,---,40.1245422,-82.8758607
1,3552.0,0.0,00:18:26.4,00:03:43.2,2.24,00:00:00.0,0.00,14.5,413,25.4,0.0,---,---,---,---,---,---,---,---,---,---,40.1243366,-82.8756938
1,3557.3,0.0,00:18:29.4,00:05:12.5,1.60,00:00:00.0,0.00,21.0,414,5.3,0.0,---,---,---,---,---,---,---,---,---,---,40.1242944,-82.8756658
1,3564.5,0.0,00:18:32.6,00:04:23.1,1.90,00:00:00.0,0.00,19.0,415,7.1,0.0,---,---,---,---,---,---,---,---,---,---,40.1242352,-82.8756328
1,3570.0,0.0,00:18:35.0,00:03:58.0,2.10,00:00:00.0,0.00,38.0,416,5.6,0.0,---,---,---,---,---,---,---,---,---,---,40.1241881,-82.8756101
1,3571.7,0.0,00:18:35.8,00:03:52.5,2.15,00:00:00.0,0.00,34.5,417,1.7,0.0,---,---,---,---,---,---,---,---,---,---,40.1241740,-82.8756041
1,3581.4,0.0,00:18:46.0,00:19:22.7,0.43,00:00:00.0,0.00,25.0,418,9.7,0.0,---,---,---,---,---,---,---,---,---,---,40.1241085,-82.8755543
1,3582.7,0.0,00:18:48.2,00:14:52.8,0.56,00:00:00.0,0.00,26.0,419,1.3,0.0,---,---,---,---,---,---,---,---,---,---,40.1241172,-82.8755445
1,3583.0,0.0,00:18:48.8,00:14:37.1,0.57,00:00:00.0,0.00,50.5,420,0.3,0.0,---,---,---,---,---,---,---,---,---,---,40.1241191,-82.8755423
1,3583.5,0.0,00:18:52.0,00:18:31.1,0.45,00:00:00.0,0.00,21.0,421,0.5,0.0,---,---,---,---,---,---,---,---,---,---,40.1241117,-82.8755475
1,3583.5,0.0,00:18:53.0,00:10:32.9,0.79,00:00:00.0,0.00,47.5,422,0.0,0.0,---,---,---,---,---,---,---,---,---,---,40.1241046,-82.8755545
1,3586.1,0.0,00:18:56.0,00:06:43.2,1.24,00:00:00.0,0.00,20.5,423,2.6,0.0,---,---,---,---,---,---,---,---,---,---,40.1240750,-82.8755864
1,3591.7,0.0,00:19:00.8,00:05:59.7,1.39,00:00:00.0,0.00,33.0,424,5.6,0.0,---,---,---,---,---,---,---,---,---,---,40.1240365,-82.8756302
1,3596.8,0.0,00:19:07.6,00:59:31.4,0.14,00:00:00.0,0.00,30.5,425,5.1,0.0,---,---,---,---,---,---,---,---,---,---,40.1239064,-82.8756508
1,3597.1,0.0,00:19:11.4,01:59:02.8,0.07,00:00:00.0,0.00,18.5,426,0.3,0.0,---,---,---,---,---,---,---,---,---,---,40.1239041,-82.8756525
1,3598.5,0.0,00:19:21.4,00:43:51.5,0.19,00:00:00.0,0.00,23.5,427,1.5,0.0,---,---,---,---,---,---,---,---,---,---,40.1239057,-82.8756453
