StrokeNumber,Time,Distance,Speed,StrokeRate,DistancePerStroke,StrokeDuration,SpeedChange,RollingSpeed,RollingDistancePerStroke,RollingStrokeRate,SpeedConsistency,TimeGap,IsRowing,SessionSegment,SessionPhase,SpeedDecline,DistancePerStrokeDecline,StrokeRateChange,FatigueSignal,FatigueConfirmed,FatigueSeverity,SpeedScore,DistancePerStrokeScore,RhythmScore,ConsistencyScore,StrokeScore
1,5.2,1.4,0.3,11.5,1.4,5.217391304347826,,,,,,0.0,False,,Transition/Cooldown,,,,False,False,0.0,,,,100.0,
2,6.2,1.9,0.34,44.5,0.5,1.348314606741573,0.040000000000000036,,,,,1.0,False,,Transition/Cooldown,,,,False,False,0.0,,,,100.0,
3,9.7,4.7,0.51,18.5,2.8,3.2432432432432434,0.16999999999999998,,,,,3.499999999999999,False,,Transition/Cooldown,,,,False,False,0.0,,,,100.0,
4,10.6,6.4,1.14,50.5,1.7,1.188118811881188,0.6299999999999999,,,,,0.9000000000000004,True,1,Rowing segment,,,,False,False,0.0,,,,100.0,
5,13.8,13.3,1.86,19.0,6.9,3.1578947368421053,0.7200000000000002,0.8300000000000001,2.66,28.8,0.6671581521648372,3.200000000000001,True,1,Rowing segment,0.7585103287750946,0.7439846005774784,0.4328358208955223,False,False,0.0,0.0,0.0,0.0,0.0,0.0
6,16.6,20.6,2.26,21.5,7.3,2.7906976744186047,0.3999999999999997,1.0683333333333334,3.4333333333333336,27.583333333333332,0.8348033700618767,2.8000000000000007,True,1,Rowing segment,0.689166909126176,0.669554058389477,0.37230514096185724,False,False,0.0,0.0,0.0,0.0,0.0,0.0
7,19.4,28.9,2.68,21.5,8.4,2.7906976744186047,0.4200000000000004,1.2985714285714285,4.142857142857143,26.714285714285715,0.9756096994773503,2.799999999999997,True,1,Rowing segment,0.6221788104243735,0.6012649525642788,0.32906894100923945,False,False,0.0,0.0,0.0,0.0,0.0,0.0
8,22.4,38.6,3.01,20.5,9.7,2.926829268292683,0.3299999999999996,1.5125,4.8375,25.9375,1.0871818089511458,3.0,True,1,Rowing segment,0.5599359906895549,0.5344080846968239,0.2904228855721392,False,False,0.0,0.0,0.0,0.0,0.0,0.0
9,25.0,47.0,3.15,22.5,8.5,2.6666666666666665,0.14000000000000012,1.6944444444444444,5.2444444444444445,25.555555555555557,1.1541892296230187,2.6000000000000014,True,1,Rowing segment,0.5069989978340285,0.49524115067907176,0.271420674405749,False,False,0.0,0.0,0.0,0.0,0.0,0.0
10,27.8,56.1,3.2,21.0,9.1,2.857142857142857,0.050000000000000266,1.845,5.63,25.1,1.1877733603493368,2.8000000000000007,True,1,Rowing segment,0.4631946464940355,0.4581328200192493,0.24875621890547261,False,False,0.0,0.0,0.0,0.0,0.0,0.0
11,30.6,64.7,3.28,23.0,8.6,2.608695652173913,0.07999999999999963,2.143,6.35,26.25,1.129474312333938,2.8000000000000007,True,1,Rowing segment,0.3764911259819611,0.3888354186717999,0.3059701492537312,False,False,0.0,0.0,0.0,0.0,0.0,0.0
12,33.6,74.8,3.36,21.0,10.0,2.857142857142857,0.08000000000000007,2.445,7.3,23.9,0.9888068005879046,3.0,True,1,Rowing segment,0.28862379982542924,0.2974013474494707,0.18905472636815904,False,False,0.0,0.0,0.0,5.472636815920485,0.0,0.8
13,36.0,83.6,3.36,21.5,8.9,2.7906976744186047,0.0,2.73,7.910000000000001,24.2,0.7513247559403908,2.3999999999999986,True,1,Rowing segment,0.20570264765784121,0.23869104908565922,0.20398009950248744,False,False,0.0,0.0,0.0,0.0,0.0,0.0
14,39.0,93.5,3.3,21.0,9.9,2.857142857142857,-0.06000000000000005,2.946,8.73,21.25,0.5175411953544257,3.0,True,1,Rowing segment,0.14285714285714288,0.15976900866217517,0.05721393034825863,False,False,0.0,28.571428571428523,20.11549566891241,71.39303482587069,0.0,27.7
15,41.8,103.0,3.29,20.5,9.5,2.926829268292683,-0.009999999999999787,3.089,8.989999999999998,21.4,0.3566962604544952,2.799999999999997,True,1,Rowing segment,0.10125109106779176,0.13474494706448528,0.06467661691542274,False,False,0.0,49.37445446610411,32.62752646775735,67.66169154228862,0.0,38.8
16,44.8,113.4,3.31,20.5,10.3,2.926829268292683,0.020000000000000018,3.194,9.290000000000001,21.3,0.20987827159781838,3.0,True,1,Rowing segment,0.07070119290078566,0.1058710298363811,0.05970149253731339,False,False,0.0,64.64940354960713,47.06448508180943,70.14925373134331,0.0,49.6
17,47.6,123.1,3.33,21.0,9.7,2.857142857142857,0.020000000000000018,3.2590000000000003,9.419999999999998,21.25,0.10979273402390127,2.8000000000000043,True,1,Rowing segment,0.05178935117835319,0.09335899903753632,0.05721393034825863,False,False,0.0,74.1053244108234,53.320500481231825,71.39303482587069,45.44339410076983,62.1
18,50.6,133.0,3.31,21.0,9.9,2.857142857142857,-0.020000000000000018,3.289,9.440000000000001,21.3,0.06674162452655083,3.0,True,1,Rowing segment,0.04306080884492293,0.09143407122232909,0.05970149253731339,False,False,0.0,78.46959557753851,54.282964388835445,70.14925373134331,86.44135201899756,70.0
19,53.6,143.5,3.35,19.0,10.5,3.1578947368421053,0.040000000000000036,3.309,9.64,20.95,0.04771442828605712,3.0,True,1,Rowing segment,0.03724178062263605,0.07218479307025986,0.04228855721393024,False,False,0.0,81.37910968868194,63.907603464870064,78.85572139303488,100.0,77.7
20,56.8,154.8,3.43,19.5,11.2,3.076923076923077,0.08000000000000007,3.332,9.85,20.8,0.044671641513986955,3.1999999999999957,True,1,Rowing segment,0.03054989816700623,0.05197305101058719,0.03482587064676613,False,False,0.0,84.72505091649684,74.01347449470641,82.58706467661693,100.0,82.9
21,59.8,165.3,3.42,20.5,10.5,2.926829268292683,-0.010000000000000231,3.346,10.040000000000001,20.55,0.048350571638568755,3.0,True,1,Rowing segment,0.026476578411405348,0.03368623676612124,0.0223880597014925,False,False,0.0,86.76171079429729,83.15688161693934,88.80597014925375,100.0,87.8
22,62.8,175.6,3.37,19.5,10.3,3.076923076923077,-0.04999999999999982,3.347,10.07,20.4,0.04877385456253668,3.0,True,1,Rowing segment,0.026185627000291038,0.030798845043310902,0.014925373134328216,False,False,0.0,86.90718649985445,84.60057747834455,92.53731343283589,100.0,88.9
23,65.6,185.6,3.39,21.5,9.9,2.7906976744186047,0.020000000000000018,3.35,10.169999999999998,20.4,0.050552502960329745,2.799999999999997,True,1,Rowing segment,0.02531277276694797,0.02117420596727646,0.014925373134328216,False,False,0.0,87.34361361652599,89.41289701636174,92.53731343283589,100.0,90.7
24,68.4,195.5,3.48,21.0,9.9,2.857142857142857,0.08999999999999986,3.368,10.17,20.4,0.0616080802781108,2.8000000000000114,True,1,Rowing segment,0.020075647366889843,0.02117420596727629,0.014925373134328216,False,False,0.0,89.96217631655506,89.41289701636184,92.53731343283589,91.33007227559995,90.4
25,71.2,205.8,3.6,21.5,10.3,2.7906976744186047,0.1200000000000001,3.399,10.25,20.5,0.08962266578394566,2.799999999999997,True,1,Rowing segment,0.011056153622345142,0.013474494706448563,0.019900497512437738,False,False,0.0,94.47192318882742,93.2627526467757,90.04975124378113,64.65153109339194,88.9
26,74.0,216.2,3.69,21.0,10.5,2.857142857142857,0.08999999999999986,3.437,10.27,20.55,0.1222974515951386,2.799999999999997,True,1,Rowing segment,1.292083822665297e-16,0.011549566891241673,0.0223880597014925,False,False,0.0,99.99999999999993,94.22521655437914,88.80597014925375,33.53503933940267,86.3
27,76.8,226.9,3.76,21.5,10.6,2.7906976744186047,0.06999999999999984,3.4799999999999995,10.360000000000001,20.6,0.15238839267549487,2.799999999999997,True,1,Rowing segment,-0.012510910677916572,0.002887391722810333,0.02487562189054726,False,False,0.0,100.0,98.55630413859477,87.56218905472637,4.879166110206534,83.4
28,79.6,237.6,3.8,21.5,10.7,2.7906976744186047,0.040000000000000036,3.529,10.440000000000001,20.65,0.1694730394815344,2.799999999999997,True,1,Rowing segment,-0.026767529822519533,-0.004812319538017393,0.027363184079601848,False,False,0.0,100.0,100.0,86.31840796019907,0.0,82.9
29,82.6,249.0,3.8,19.5,11.4,3.076923076923077,0.0,3.5740000000000003,10.53,20.7,0.17626999492570963,3.0,True,1,Rowing segment,-0.039860343322665116,-0.013474494706448391,0.02985074626865661,False,False,0.0,100.0,100.0,85.0746268656717,0.0,82.8
30,85.6,260.3,3.76,19.5,11.3,3.076923076923077,-0.040000000000000036,3.607,10.54,20.7,0.1772035866203326,3.0,True,1,Rowing segment,-0.04946173988943844,-0.014436958614051835,0.02985074626865661,False,False,0.0,100.0,100.0,85.0746268656717,0.0,82.8
31,88.8,271.5,3.63,19.5,11.2,3.076923076923077,-0.1299999999999999,3.628,10.61,20.6,0.16457352291435903,3.200000000000003,True,1,Rowing segment,-0.05557171952283963,-0.021174205967276115,0.02487562189054726,False,False,0.0,100.0,100.0,87.56218905472637,0.0,83.1
32,92.0,282.5,3.5,19.5,11.0,3.076923076923077,-0.1299999999999999,3.6410000000000005,10.68,20.6,0.14601750275603861,3.200000000000003,True,1,Rowing segment,-0.059354087867326204,-0.027911453320500396,0.02487562189054726,False,False,0.0,100.0,100.0,87.56218905472637,10.94622175335096,84.8
33,95.0,293.0,3.47,19.5,10.6,3.076923076923077,-0.029999999999999805,3.649,10.75,20.4,0.1322833658813062,3.0,True,1,Rowing segment,-0.061681699156240825,-0.03464870067372468,0.014925373134328216,False,False,0.0,100.0,100.0,92.53731343283589,24.025363550337953,87.5
34,98.0,303.6,3.48,20.0,10.5,3.0,0.009999999999999787,3.6489999999999996,10.809999999999999,20.3,0.1322833658813062,3.0,True,1,Rowing segment,-0.0616816991562407,-0.04042348411934534,0.009950248756218869,False,False,0.0,100.0,100.0,95.02487562189057,24.025363550337953,87.9
35,101.2,314.7,3.47,18.5,11.1,3.2432432432432434,-0.009999999999999787,3.636,10.89,20.0,0.1435424830649208,3.200000000000003,True,1,Rowing segment,-0.057899330811754385,-0.04812319538017324,0.004975124378109523,False,False,0.0,100.0,100.0,97.51243781094524,13.303205216215709,86.6
36,104.0,324.2,3.41,21.0,9.6,2.857142857142857,-0.06000000000000005,3.6079999999999997,10.8,20.0,0.15838069467091953,2.799999999999997,True,1,Rowing segment,-0.04975269130055262,-0.03946102021174207,0.004975124378109523,False,False,0.0,100.0,100.0,97.51243781094524,0.0,84.6
37,107.0,334.5,3.4,20.5,10.3,2.926829268292683,-0.010000000000000231,3.572,10.77,19.9,0.16088643337597802,3.0,True,1,Rowing segment,-0.039278440500436364,-0.036573628488931566,0.009950248756219046,False,False,0.0,100.0,100.0,95.02487562189049,0.0,84.3
38,110.0,344.8,3.45,20.5,10.4,2.926829268292683,0.050000000000000266,3.537,10.74,19.8,0.1428324581847896,3.0,True,1,Rowing segment,-0.029095141111434283,-0.03368623676612124,0.014925373134328393,False,False,0.0,100.0,100.0,92.5373134328358,13.979368281381422,86.0
39,113.0,355.3,3.45,19.5,10.4,3.076923076923077,0.0,3.5020000000000002,10.64,19.8,0.11043348928451963,3.0,True,1,Rowing segment,-0.01891184172243234,-0.02406159769008662,0.014925373134328393,False,False,0.0,100.0,100.0,92.5373134328358,44.83319711589697,90.6
40,116.0,365.9,3.48,20.0,10.6,3.0,0.029999999999999805,3.474,10.57,19.85,0.06310485101971781,3.0,True,1,Rowing segment,-0.010765202211230701,-0.01732435033686234,0.01243781094527363,False,False,0.0,100.0,100.0,93.78109452736318,89.90468406623417,97.6
41,119.0,376.4,3.5,20.0,10.5,3.0,0.020000000000000018,3.461,10.5,19.9,0.034140233677497155,3.0,True,1,Rowing segment,-0.00698283386674413,-0.010587102983638057,0.009950248756219046,False,False,0.0,100.0,100.0,95.02487562189049,100.0,99.3
42,122.0,386.4,3.44,20.0,10.0,3.0,-0.06000000000000005,3.4550000000000005,10.4,19.95,0.03171049598404462,3.0,True,1,Rowing segment,-0.005237125400058259,-0.0009624639076034443,0.007462686567164285,False,False,0.0,100.0,100.0,96.26865671641785,100.0,99.4
43,124.8,396.0,3.39,21.0,9.5,2.857142857142857,-0.04999999999999982,3.447,10.290000000000001,20.1,0.0371333931776702,2.799999999999997,True,1,Rowing segment,-0.002909514111143377,0.009624639076034613,0.0,False,False,0.0,100.0,95.18768046198268,100.0,100.0,98.3
44,127.8,405.9,3.37,20.0,10.0,3.0,-0.020000000000000018,3.436,10.24,20.1,0.0422163738639497,3.0,True,1,Rowing segment,0.00029095141111444106,0.014436958614052007,0.0,False,False,0.0,99.85452429444274,92.78152069297396,100.0,100.0,97.4
45,130.8,416.1,3.38,20.5,10.2,2.926829268292683,0.009999999999999787,3.4269999999999996,10.15,20.3,0.04372896319627045,3.000000000000014,True,1,Rowing segment,0.0029095141111436353,0.023099133782483176,0.009950248756218869,False,False,0.0,98.54524294442818,88.45043310875839,95.02487562189057,100.0,94.7
46,134.0,427.0,3.43,19.0,10.9,3.1578947368421053,0.050000000000000266,3.429,10.280000000000001,20.1,0.04332051092340925,3.1999999999999886,True,1,Rowing segment,0.0023276112889148823,0.010587102983638057,0.0,False,False,0.0,98.83619435554253,94.70644850818093,100.0,100.0,97.7
47,137.0,437.7,3.48,19.5,10.6,3.076923076923077,0.04999999999999982,3.4370000000000003,10.309999999999999,20.0,0.044733780424972676,3.0,True,1,Rowing segment,0.0,0.007699711260827896,0.004975124378109523,False,False,0.0,99.99999999999997,96.15014436958603,97.51243781094524,100.0,98.3
48,140.2,448.9,3.51,19.5,11.2,3.076923076923077,0.029999999999999805,3.443,10.39,19.9,0.05034326612808313,3.1999999999999886,True,1,Rowing segment,-0.0017457084666860003,0.0,0.009950248756219046,False,False,0.0,100.0,99.99999999999997,95.02487562189049,100.0,99.3
49,143.2,459.4,3.49,19.5,10.5,3.076923076923077,-0.019999999999999574,3.447,10.4,19.9,0.05250396810399411,3.0,True,1,Rowing segment,-0.002909514111143377,-0.0009624639076034443,0.009950248756219046,False,False,0.0,100.0,100.0,95.02487562189049,100.0,99.3
50,146.2,469.8,3.44,19.5,10.4,3.076923076923077,-0.050000000000000266,3.443,10.379999999999999,19.85,0.05121848624600198,3.0,True,1,Rowing segment,-0.0017457084666860003,0.0009624639076036153,0.01243781094527363,False,False,0.0,100.0,99.51876804619818,93.78109452736318,100.0,98.9
51,149.6,481.6,3.44,17.5,11.8,3.4285714285714284,0.0,3.4370000000000003,10.51,19.6,0.04715223571933666,3.4000000000000057,True,1,Rowing segment,0.0,-0.011549566891241503,0.02487562189054726,False,False,0.0,99.99999999999997,100.0,87.56218905472637,100.0,98.1
52,152.8,492.6,3.42,19.5,11.0,3.076923076923077,-0.020000000000000018,3.435,10.61,19.55,0.047434164902510435,3.200000000000017,True,1,Rowing segment,0.0005819028222287529,-0.021174205967276115,0.027363184079602025,False,False,0.0,99.70904858888557,100.0,86.31840796019898,100.0,97.8
53,155.8,503.2,3.4,19.5,10.6,3.076923076923077,-0.020000000000000018,3.436,10.72,19.4,0.04647580015447346,3.0,True,1,Rowing segment,0.00029095141111444106,-0.03176130895091435,0.03482587064676631,False,False,0.0,99.85452429444274,100.0,82.58706467661685,100.0,97.3
54,159.0,514.3,3.4,19.0,11.0,3.1578947368421053,0.0,3.439,10.82,19.3,0.042544094772348384,3.1999999999999886,True,1,Rowing segment,-0.0005819028222286236,-0.04138594802694896,0.039800995024875656,False,False,0.0,100.0,100.0,80.09950248756216,100.0,97.0
55,162.0,524.9,3.41,19.5,10.6,3.076923076923077,0.010000000000000231,3.442,10.86,19.2,0.03881580434134051,3.0,True,1,Rowing segment,-0.0014547570555716884,-0.04523580365736274,0.044776119402985176,False,False,0.0,100.0,100.0,77.6119402985074,100.0,96.6
56,165.0,535.6,3.44,20.5,10.7,2.926829268292683,0.029999999999999805,3.443,10.84,19.35,0.03860051813121895,3.0,True,1,Rowing segment,-0.0017457084666860003,-0.04331087584215585,0.03731343283582089,False,False,0.0,100.0,100.0,81.34328358208955,100.0,97.2
57,168.0,546.2,3.46,19.5,10.6,3.076923076923077,0.020000000000000018,3.441,10.84,19.35,0.0369534241384221,3.0,True,1,Rowing segment,-0.0011638056444572473,-0.04331087584215585,0.03731343283582089,False,False,0.0,100.0,100.0,81.34328358208955,100.0,97.2
58,171.2,557.6,3.47,19.5,11.4,3.076923076923077,0.010000000000000231,3.4370000000000003,10.86,19.35,0.030203016773507695,3.1999999999999886,True,1,Rowing segment,0.0,-0.04523580365736274,0.03731343283582089,False,False,0.0,99.99999999999997,100.0,81.34328358208955,100.0,97.2
59,174.0,567.5,3.48,20.5,9.9,2.926829268292683,0.009999999999999787,3.436,10.8,19.45,0.028362729848218166,2.8000000000000114,True,1,Rowing segment,0.00029095141111444106,-0.03946102021174207,0.032338308457711545,False,False,0.0,99.85452429444274,100.0,83.83084577114423,100.0,97.5
60,177.2,578.7,3.48,20.0,11.2,3.0,0.0,3.44,10.879999999999999,19.5,0.03162277660166103,3.1999999999999886,True,1,Rowing segment,-0.0008728542333429355,-0.04716073147256963,0.029850746268656785,False,False,0.0,100.0,100.0,85.0746268656716,100.0,97.8
61,180.2,589.1,3.45,20.0,10.4,3.0,-0.029999999999999805,3.4410000000000003,10.74,19.75,0.03178049716411877,3.0,True,1,Rowing segment,-0.0011638056444573765,-0.03368623676612124,0.017412935323383155,False,False,0.0,100.0,100.0,91.29353233830842,100.0,98.7
62,183.2,599.6,3.41,19.0,10.6,3.1578947368421053,-0.040000000000000036,3.44,10.7,19.7,0.032659863237087,3.0,True,1,Rowing segment,-0.0008728542333429355,-0.029836381135707288,0.019900497512437915,False,False,0.0,100.0,100.0,90.04975124378105,100.0,98.5
63,186.2,610.4,3.47,20.5,10.7,2.926829268292683,0.06000000000000005,3.447,10.709999999999999,19.8,0.030568684048270837,3.0,True,1,Rowing segment,-0.002909514111143377,-0.030798845043310732,0.014925373134328393,False,False,0.0,100.0,100.0,92.5373134328358,100.0,98.9
64,189.2,621.0,3.52,20.0,10.6,3.0,0.04999999999999982,3.4590000000000005,10.669999999999998,19.9,0.033482997343572504,3.0,True,1,Rowing segment,-0.006400931044515635,-0.026948989412896782,0.009950248756219046,False,False,0.0,100.0,100.0,95.02487562189049,100.0,99.3
65,192.0,630.4,3.41,21.0,9.4,2.857142857142857,-0.10999999999999988,3.4589999999999996,10.55,20.05,0.033482997343572504,2.8000000000000114,True,1,Rowing segment,-0.006400931044515377,-0.015399422521655451,0.0024875621890547614,False,False,0.0,100.0,100.0,98.75621890547262,100.0,99.8
66,195.0,640.7,3.32,20.5,10.2,2.926829268292683,-0.0900000000000003,3.447,10.5,20.05,0.05538752366531966,3.0,True,1,Rowing segment,-0.002909514111143377,-0.010587102983638057,0.0024875621890547614,False,False,0.0,100.0,100.0,98.75621890547262,97.25396416170476,99.4
67,197.8,650.2,3.32,20.5,9.5,2.926829268292683,0.0,3.433,10.39,20.15,0.06799509786250689,2.8000000000000114,True,1,Rowing segment,0.0011638056444575058,0.0,0.002487562189054585,False,False,0.0,99.41809717777122,99.99999999999997,98.7562189054727,85.24765811240243,97.4
68,200.6,659.6,3.28,21.5,9.4,2.7906976744186047,-0.040000000000000036,3.414,10.190000000000001,20.35,0.08167687011088047,2.799999999999983,True,1,Rowing segment,0.0066918824556299475,0.019249278152069227,0.01243781094527363,False,False,0.0,96.65405877218501,90.37536092396536,93.78109452736318,72.21838361902107,90.4
69,203.6,669.5,3.26,20.5,9.9,2.926829268292683,-0.020000000000000018,3.3920000000000003,10.19,20.35,0.0910189235513305,3.0,True,1,Rowing segment,0.013092813500145455,0.0192492781520694,0.01243781094527363,False,False,0.0,93.45359324992724,90.37536092396525,93.78109452736318,63.32186229138893,87.9
70,206.4,679.0,3.31,21.0,9.5,2.857142857142857,0.050000000000000266,3.375,10.02,20.45,0.08860022573333817,2.8000000000000114,True,1,Rowing segment,0.0180389874890894,0.03561116458132829,0.017412935323382978,False,False,0.0,90.98050625545528,82.19441770933582,91.29353233830851,65.62520992903951,84.1
71,209.4,689.4,3.42,20.5,10.4,2.926829268292683,0.10999999999999988,3.372,10.02,20.5,0.08625543461138245,3.0,True,1,Rowing segment,0.018911841722432467,0.03561116458132829,0.019900497512437738,False,False,0.0,90.54407913878376,82.19441770933582,90.04975124378113,67.85817555681018,84.1
72,212.2,699.2,3.44,20.5,9.7,2.926829268292683,0.020000000000000018,3.375,9.930000000000001,20.65,0.088223201785765,2.799999999999983,True,1,Rowing segment,0.0180389874890894,0.04427333974975929,0.027363184079601848,False,False,0.0,90.98050625545528,77.86333012512031,86.31840796019907,65.98425321775477,81.9
73,215.2,709.5,3.41,20.5,10.3,2.926829268292683,-0.029999999999999805,3.3689999999999998,9.89,20.65,0.08292566952798833,3.0,True,1,Rowing segment,0.01978469595577553,0.04812319538017324,0.027363184079601848,False,False,0.0,90.10765202211225,75.93840230991333,86.31840796019907,71.02914072728919,81.7
74,218.2,719.8,3.43,20.5,10.3,2.926829268292683,0.020000000000000018,3.3600000000000003,9.860000000000001,20.7,0.06831300510638609,3.0,True,1,Rowing segment,0.022403258655804465,0.051010587102983576,0.02985074626865661,False,False,0.0,88.79837067209772,74.4947064485082,85.0746268656717,84.9449121911327,82.7
75,221.2,730.1,3.42,20.0,10.3,3.0,-0.010000000000000231,3.3609999999999998,9.95,20.6,0.06919376979017867,3.0,True,1,Rowing segment,0.022112307244690283,0.04234841193455258,0.02487562189054726,False,False,0.0,88.94384637765484,78.8257940327237,87.56218905472637,84.10615207870839,84.5
76,224.2,740.4,3.43,20.0,10.3,3.0,0.010000000000000231,3.372,9.959999999999999,20.55,0.07067924416371496,3.0,True,1,Rowing segment,0.018911841722432467,0.04138594802694913,0.0223880597014925,False,False,0.0,90.54407913878376,79.30702598652539,88.80597014925375,82.69152150203081,85.2
77,227.0,750.2,3.47,21.0,9.8,2.857142857142857,0.040000000000000036,3.3869999999999996,9.99,20.6,0.07424434134815068,2.8000000000000114,True,1,Rowing segment,0.0145475705557174,0.03849855630413863,0.02487562189054726,False,False,0.0,92.72621472214126,80.75072184793065,87.56218905472637,79.29644745984189,85.7
78,230.0,760.7,3.48,20.0,10.5,3.0,0.009999999999999787,3.407,10.1,20.45,0.06896859188547473,3.0,True,1,Rowing segment,0.008728542333430388,0.02791145332050057,0.017412935323382978,False,False,0.0,95.6357288332848,86.04427333974968,91.29353233830851,84.32059101812143,89.9
79,233.0,771.2,3.47,19.5,10.4,3.076923076923077,-0.009999999999999787,3.428,10.15,20.35,0.048027769744858916,3.0,True,1,Rowing segment,0.002618562700029194,0.023099133782483176,0.01243781094527363,False,False,0.0,98.69071864998534,88.45043310875839,93.78109452736318,100.0,94.6
80,236.0,781.6,3.46,20.0,10.4,3.0,-0.010000000000000231,3.443,10.24,20.25,0.02496664441473612,3.0,True,1,Rowing segment,-0.0017457084666860003,0.014436958614052007,0.007462686567164108,False,False,0.0,100.0,92.78152069297396,96.26865671641795,100.0,96.9
81,239.0,791.8,3.45,20.5,10.3,2.926829268292683,-0.009999999999999787,3.446,10.23,20.25,0.023664319132367752,3.0,True,1,Rowing segment,-0.002618562700029065,0.015399422521655451,0.007462686567164108,False,False,0.0,100.0,92.30028873917223,96.26865671641795,100.0,96.7
82,242.0,802.3,3.44,20.0,10.5,3.0,-0.010000000000000231,3.446,10.309999999999999,20.2,0.023664319132367752,3.0,True,1,Rowing segment,-0.002618562700029065,0.007699711260827896,0.004975124378109346,False,False,0.0,100.0,96.15014436958603,97.51243781094533,100.0,98.3
83,244.8,812.2,3.44,20.5,9.8,2.926829268292683,0.0,3.4490000000000003,10.26,20.2,0.020248456731280836,2.8000000000000114,True,1,Rowing segment,-0.00349141693337213,0.012512030798845117,0.004975124378109346,False,False,0.0,100.0,93.74398460057742,97.51243781094533,100.0,97.4
84,248.0,822.9,3.42,20.0,10.8,3.0,-0.020000000000000018,3.4480000000000004,10.31,20.15,0.021499353995429137,3.1999999999999886,True,1,Rowing segment,-0.0032004655222578177,0.0076997112608277254,0.002487562189054585,False,False,0.0,100.0,96.15014436958613,98.7562189054727,100.0,98.5
85,251.0,833.5,3.46,19.5,10.6,3.076923076923077,0.040000000000000036,3.4519999999999995,10.34,20.1,0.01932183566154856,3.0,True,1,Rowing segment,-0.0043642711667149356,0.004812319538017393,0.0,False,False,0.0,100.0,97.59384023099126,100.0,100.0,99.2
86,254.2,844.8,3.51,18.5,11.2,3.2432432432432434,0.04999999999999982,3.46,10.43,19.95,0.024944382578464132,3.1999999999999886,True,1,Rowing segment,-0.006691882455629818,-0.0038498556304137773,0.007462686567164285,False,False,0.0,100.0,100.0,96.26865671641785,100.0,99.4
87,257.2,855.0,3.47,20.5,10.3,2.926829268292683,-0.03999999999999959,3.46,10.48,19.9,0.024944382578464132,3.0,True,1,Rowing segment,-0.006691882455629818,-0.00866217516843117,0.009950248756219046,False,False,0.0,100.0,100.0,95.02487562189049,100.0,99.3
88,260.2,865.3,3.41,20.0,10.2,3.0,-0.06000000000000005,3.4530000000000003,10.45,19.9,0.028303906287112875,3.0,True,1,Rowing segment,-0.004655222577829506,-0.005774783445620666,0.009950248756219046,False,False,0.0,100.0,100.0,95.02487562189049,100.0,99.3
89,263.2,875.3,3.38,20.0,10.0,3.0,-0.03000000000000025,3.4440000000000004,10.41,19.95,0.035652645218968916,3.0,True,1,Rowing segment,-0.0020366598778004414,-0.0019249278152068886,0.007462686567164285,False,False,0.0,100.0,100.0,96.26865671641785,100.0,99.4
90,266.0,884.8,3.35,20.5,9.6,2.926829268292683,-0.029999999999999805,3.433,10.33,20.0,0.04571651780263399,2.8000000000000114,True,1,Rowing segment,0.0011638056444575058,0.005774783445620837,0.004975124378109523,False,False,0.0,99.41809717777122,97.11260827718954,97.51243781094524,100.0,98.4
91,269.2,895.6,3.35,19.5,10.7,3.076923076923077,0.0,3.4229999999999996,10.370000000000001,19.9,0.05207899981970439,3.1999999999999886,True,1,Rowing segment,0.004073319755601012,0.0019249278152068886,0.009950248756219046,False,False,0.0,97.96334012219947,99.03753609239651,95.02487562189049,100.0,98.2
92,272.4,906.3,3.37,19.5,10.7,3.076923076923077,0.020000000000000018,3.4160000000000004,10.39,19.85,0.05420127099779418,3.1999999999999886,True,1,Rowing segment,0.006109979633401195,0.0,0.01243781094527363,False,False,0.0,96.94501018329937,99.99999999999997,93.78109452736318,98.3836432225101,97.8
93,275.2,915.8,3.36,20.0,9.5,3.0,-0.010000000000000231,3.408,10.36,19.8,0.05613475849337607,2.8000000000000114,True,1,Rowing segment,0.008437590922316078,0.0028873917228105037,0.014925373134328393,False,False,0.0,95.78120453884192,98.55630413859473,92.5373134328358,96.54236572920499,96.4
94,278.2,926.3,3.41,20.0,10.5,3.0,0.050000000000000266,3.407,10.33,19.8,0.05598610938833838,3.0,True,1,Rowing segment,0.008728542333430388,0.005774783445620837,0.014925373134328393,False,False,0.0,95.6357288332848,97.11260827718954,92.5373134328358,96.68392560592065,95.8
95,281.4,937.8,3.54,19.0,11.5,3.1578947368421053,0.1299999999999999,3.415,10.42,19.75,0.06867799259344447,3.1999999999999886,True,1,Rowing segment,0.006400931044515635,-0.002887391722810333,0.017412935323383155,False,False,0.0,96.79953447774213,100.0,91.29353233830842,84.5973313317818,95.3
96,284.6,949.6,3.65,19.5,11.8,3.076923076923077,0.10999999999999988,3.429,10.48,19.85,0.09814388530224773,3.2000000000000455,True,1,Rowing segment,0.0023276112889148823,-0.00866217516843117,0.01243781094527363,False,False,0.0,98.83619435554253,100.0,93.78109452736318,56.536697276046766,92.1
97,287.6,960.1,3.57,19.0,10.5,3.1578947368421053,-0.08000000000000007,3.439,10.5,19.7,0.10743990568374426,3.0,True,1,Rowing segment,-0.0005819028222286236,-0.010587102983638057,0.019900497512437915,False,False,0.0,100.0,100.0,90.04975124378105,47.684013643560185,90.7
98,290.8,970.8,3.37,19.5,10.7,3.076923076923077,-0.19999999999999973,3.435,10.55,19.65,0.10936686477681272,3.1999999999999886,True,1,Rowing segment,0.0005819028222287529,-0.015399422521655451,0.02238805970149268,False,False,0.0,99.70904858888557,100.0,88.80597014925367,45.848953206554974,90.1
99,293.8,980.9,3.28,20.0,10.1,3.0,-0.0900000000000003,3.425,10.559999999999999,19.65,0.11909380056632617,3.0,True,1,Rowing segment,0.003491416933372259,-0.016361886429258725,0.02238805970149268,False,False,0.0,98.25429153331382,100.0,88.80597014925367,36.58590496394653,88.2
100,296.8,990.9,3.25,20.0,10.0,3.0,-0.029999999999999805,3.415,10.6,19.6,0.12980754985746606,3.0,True,1,Rowing segment,0.006400931044515635,-0.02021174205967267,0.02487562189054726,False,False,0.0,96.79953447774213,100.0,87.56218905472637,26.383105368000482,86.0
101,299.8,1001.0,3.27,20.5,10.0,2.926829268292683,0.020000000000000018,3.407,10.53,19.7,0.13654872960065978,3.0,True,1,Rowing segment,0.008728542333430388,-0.013474494706448391,0.019900497512437915,False,False,0.0,95.6357288332848,100.0,90.04975124378105,19.963419402702076,85.0
102,302.6,1010.8,3.33,20.0,9.7,3.0,0.06000000000000005,3.403,10.43,19.75,0.13832730910576907,2.8000000000000114,True,1,Rowing segment,0.009892347977887765,-0.0038498556304137773,0.017412935323383155,False,False,0.0,95.0538260110561,100.0,91.29353233830842,18.269662178879997,84.7
103,305.8,1021.6,3.36,19.5,10.8,3.076923076923077,0.029999999999999805,3.403,10.559999999999999,19.7,0.13832730910576907,3.1999999999999886,True,1,Rowing segment,0.009892347977887765,-0.016361886429258725,0.019900497512437915,False,False,0.0,95.0538260110561,100.0,90.04975124378105,18.269662178879997,84.5
104,308.8,1031.7,3.33,20.0,10.1,3.0,-0.029999999999999805,3.3950000000000005,10.52,19.7,0.14017845768875664,3.0,True,1,Rowing segment,0.01221995926680239,-0.012512030798844947,0.019900497512437915,False,False,0.0,93.89002036659876,100.0,90.04975124378105,16.506796770954058,83.8
105,311.8,1042.1,3.33,20.0,10.3,3.0,0.0,3.374,10.4,19.8,0.13150411907363158,3.0,True,1,Rowing segment,0.018329938900203714,-0.0009624639076034443,0.014925373134328393,False,False,0.0,90.8350305498981,100.0,92.5373134328358,24.767447278306065,84.4
106,314.8,1052.3,3.34,20.0,10.3,3.0,0.009999999999999787,3.343,10.25,19.85,0.08882567196480162,3.0,True,1,Rowing segment,0.027349432644748414,0.013474494706448563,0.01243781094527363,False,False,0.0,86.32528367762576,93.2627526467757,93.78109452736318,65.4105154596454,86.7
107,317.8,1062.9,3.37,20.5,10.6,2.926829268292683,0.03000000000000025,3.3229999999999995,10.26,20.0,0.04243949942105424,3.0,True,1,Rowing segment,0.033168460867035426,0.012512030798845117,0.004975124378109523,False,False,0.0,83.41576956648227,93.74398460057742,97.51243781094524,100.0,91.6
108,320.8,1073.4,3.44,19.5,10.5,3.076923076923077,0.06999999999999984,3.3300000000000005,10.239999999999998,20.0,0.054974741674888944,3.0,True,1,Rowing segment,0.031131800989234727,0.014436958614052177,0.004975124378109523,False,False,0.0,84.4340995053826,92.78152069297391,97.51243781094524,97.64706015552864,91.3
109,323.8,1084.0,3.45,20.0,10.5,3.0,0.010000000000000231,3.347,10.28,20.0,0.06342975116876845,3.0,True,1,Rowing segment,0.026185627000291038,0.01058710298363823,0.004975124378109523,False,False,0.0,86.90718649985445,94.70644850818087,97.51243781094524,89.59527873861481,91.6
110,327.0,1095.0,3.42,19.5,11.0,3.076923076923077,-0.03000000000000025,3.364,10.379999999999999,19.95,0.05699902533278477,3.1999999999999886,True,1,Rowing segment,0.02123945301134722,0.0009624639076036153,0.007462686567164285,False,False,0.0,89.38027349432637,99.51876804619818,96.26865671641785,95.71931666204034,94.9
111,329.8,1104.9,3.4,20.5,10.0,2.926829268292683,-0.020000000000000018,3.3770000000000002,10.379999999999999,19.95,0.047152235719336646,2.8000000000000114,True,1,Rowing segment,0.017457084666860648,0.0009624639076036153,0.007462686567164285,False,False,0.0,91.27145766656962,99.51876804619818,96.26865671641785,100.0,96.2
112,333.0,1115.8,3.37,19.5,10.9,3.076923076923077,-0.029999999999999805,3.3810000000000002,10.5,19.9,0.044334586448439,3.1999999999999886,True,1,Rowing segment,0.01629327902240327,-0.010587102983638057,0.009950248756219046,False,False,0.0,91.85336048879833,100.0,95.02487562189049,100.0,96.4
113,335.8,1125.2,3.31,20.5,9.4,2.926829268292683,-0.06000000000000005,3.376,10.360000000000001,20.0,0.04948624949304041,2.8000000000000114,True,1,Rowing segment,0.01774803607797509,0.002887391722810333,0.004975124378109523,False,False,0.0,91.12598196101246,98.55630413859477,97.51243781094524,100.0,96.0
114,339.2,1136.8,3.31,18.0,11.5,3.3333333333333335,0.0,3.374,10.5,19.8,0.05189733454939558,3.3999999999999773,True,1,Rowing segment,0.018329938900203714,-0.010587102983638057,0.014925373134328393,False,False,0.0,90.8350305498981,100.0,92.5373134328358,100.0,95.7
115,342.2,1147.1,3.33,19.0,10.3,3.1578947368421053,0.020000000000000018,3.374,10.5,19.7,0.05189733454939558,3.0,True,1,Rowing segment,0.018329938900203714,-0.010587102983638057,0.019900497512437915,False,False,0.0,90.8350305498981,100.0,90.04975124378105,100.0,95.3
116,345.7,1157.6,3.3,20.0,10.5,3.0,-0.03000000000000025,3.37,10.52,19.7,0.05617433182116288,3.5,True,1,Rowing segment,0.01949374454466109,-0.012512030798844947,0.019900497512437915,False,False,0.0,90.25312772766941,100.0,90.04975124378105,96.50467969401959,94.6
117,348.2,1167.3,3.31,20.5,9.7,2.926829268292683,0.010000000000000231,3.364,10.430000000000001,19.7,0.05929212051827892,2.5,True,1,Rowing segment,0.02123945301134722,-0.003849855630413948,0.019900497512437915,False,False,0.0,89.38027349432637,100.0,90.04975124378105,93.53558153848527,93.8
118,351.6,1178.3,3.36,19.5,11.0,3.076923076923077,0.04999999999999982,3.3560000000000003,10.48,19.7,0.05295700562194771,3.400000000000034,True,1,Rowing segment,0.023567064300261842,-0.00866217516843117,0.019900497512437915,False,False,0.0,88.21646784986903,100.0,90.04975124378105,99.56856830605996,94.3
119,354.6,1188.3,3.34,19.5,10.0,3.076923076923077,-0.020000000000000018,3.3449999999999998,10.430000000000001,19.65,0.041432676315502674,3.0,True,1,Rowing segment,0.02676752982251979,-0.003849855630413948,0.02238805970149268,False,False,0.0,86.61623508874004,100.0,88.80597014925367,100.0,93.6
120,357.6,1198.4,3.3,20.0,10.1,3.0,-0.040000000000000036,3.3329999999999997,10.34,19.7,0.03400980250847118,3.0,True,1,Rowing segment,0.03025894675589192,0.004812319538017393,0.019900497512437915,False,False,0.0,84.87052662205402,97.59384023099126,90.04975124378105,100.0,92.4
121,360.6,1208.6,3.33,20.0,10.1,3.0,0.03000000000000025,3.3259999999999996,10.35,19.65,0.024585451886084766,3.0,True,1,Rowing segment,0.03229560663369236,0.003849855630413948,0.02238805970149268,False,False,0.0,83.85219668315379,98.07507218479299,88.80597014925367,100.0,92.0
122,363.6,1218.7,3.36,20.0,10.2,3.0,0.029999999999999805,3.325,10.28,19.7,0.022730302828277666,3.0,True,1,Rowing segment,0.03258655804480654,0.01058710298363823,0.019900497512437915,False,False,0.0,83.70672097759667,94.70644850818087,90.04975124378105,100.0,91.0
123,366.6,1228.8,3.35,19.0,10.0,3.1578947368421053,-0.009999999999999787,3.3289999999999997,10.34,19.55,0.0233095116493649,3.0,True,1,Rowing segment,0.031422752400349294,0.004812319538017393,0.027363184079602025,False,False,0.0,84.28862379982533,97.59384023099126,86.31840796019898,100.0,91.6
124,369.6,1238.4,3.32,21.0,9.7,2.857142857142857,-0.03000000000000025,3.3299999999999996,10.16,19.85,0.022607766610385393,3.0,True,1,Rowing segment,0.031131800989234983,0.022136669874879732,0.01243781094527363,False,False,0.0,84.43409950538249,88.93166506256011,93.78109452736318,100.0,89.7
125,372.6,1248.3,3.28,20.0,9.8,3.0,-0.040000000000000036,3.325,10.11,19.95,0.0275882422620517,3.0,True,1,Rowing segment,0.03258655804480654,0.026948989412897126,0.007462686567164285,False,False,0.0,83.70672097759667,86.5255052935514,96.26865671641785,100.0,89.0
126,375.6,1258.1,3.26,20.0,9.8,3.0,-0.020000000000000018,3.321,10.04,19.95,0.033813212407753826,3.0,True,1,Rowing segment,0.03375036368926392,0.033686236766121404,0.007462686567164285,False,False,0.0,83.12481815536803,83.15688161693929,96.26865671641785,100.0,87.6
127,378.7,1268.2,3.3,20.0,10.1,3.0,0.040000000000000036,3.3199999999999994,10.08,19.9,0.03431876713660213,3.099999999999966,True,1,Rowing segment,0.03404131510037849,0.029836381135707458,0.009950248756219046,False,False,0.0,82.97934244981074,85.08180943214627,95.02487562189049,100.0,88.1
128,381.6,1278.6,3.37,20.0,10.4,3.0,0.07000000000000028,3.321,10.02,19.95,0.03573047252227728,2.900000000000034,True,1,Rowing segment,0.03375036368926392,0.03561116458132829,0.007462686567164285,False,False,0.0,83.12481815536803,82.19441770933582,96.26865671641785,100.0,87.3
129,384.7,1288.7,3.39,20.5,10.2,2.926829268292683,0.020000000000000018,3.3259999999999996,10.04,20.05,0.04168666186895186,3.099999999999966,True,1,Rowing segment,0.03229560663369236,0.033686236766121404,0.0024875621890547614,False,False,0.0,83.85219668315379,83.15688161693929,98.75621890547262,100.0,88.3
130,387.6,1299.0,3.35,19.0,10.3,3.1578947368421053,-0.040000000000000036,3.3310000000000004,10.059999999999999,19.95,0.041217579852381385,2.900000000000034,True,1,Rowing segment,0.030840849578120413,0.031761308950914516,0.007462686567164285,False,False,0.0,84.57957521093978,84.1193455245427,96.26865671641785,100.0,88.5
131,390.7,1308.9,3.33,20.0,9.9,3.0,-0.020000000000000018,3.3310000000000004,10.040000000000001,19.95,0.041217579852381385,3.099999999999966,True,1,Rowing segment,0.030840849578120413,0.03368623676612124,0.007462686567164285,False,False,0.0,84.57957521093978,83.15688161693934,96.26865671641785,100.0,88.1
132,393.6,1319.4,3.39,19.0,10.4,3.1578947368421053,0.06000000000000005,3.3340000000000005,10.06,19.85,0.04452215428548769,2.900000000000034,True,1,Rowing segment,0.02996799534477735,0.03176130895091435,0.01243781094527363,False,False,0.0,85.0160023276113,84.1193455245428,93.78109452736318,100.0,88.3
133,396.6,1329.4,3.43,20.5,10.1,2.926829268292683,0.040000000000000036,3.342,10.07,20.0,0.053913510984401836,3.0,True,1,Rowing segment,0.027640384055862725,0.030798845043310902,0.004975124378109523,False,False,0.0,86.17980797206857,84.60057747834455,97.51243781094524,98.6576796656437,89.2
134,399.6,1339.3,3.38,20.5,9.9,2.926829268292683,-0.050000000000000266,3.348,10.09,19.95,0.05452828012446278,3.0,True,1,Rowing segment,0.025894675589176724,0.028873917228104014,0.007462686567164285,False,False,0.0,87.05266220541164,85.56304138594794,96.26865671641785,98.07222949657907,89.6
135,402.2,1348.9,3.4,21.5,9.6,2.7906976744186047,0.020000000000000018,3.3600000000000003,10.07,20.1,0.050990195135913595,2.599999999999966,True,1,Rowing segment,0.022403258655804465,0.030798845043310902,0.0,False,False,0.0,88.79837067209772,84.60057747834455,100.0,100.0,90.7
136,405.2,1359.1,3.44,20.5,10.2,2.926829268292683,0.040000000000000036,3.378,10.110000000000001,20.15,0.0428952211790375,3.0,True,1,Rowing segment,0.017166133255746337,0.026948989412896952,0.002487562189054585,False,False,0.0,91.4169333721268,86.5255052935515,98.7562189054727,100.0,92.1
137,408.0,1368.8,3.43,21.0,9.7,2.857142857142857,-0.009999999999999787,3.3910000000000005,10.069999999999999,20.25,0.03573047252227743,2.8000000000000114,True,1,Rowing segment,0.013383764911259767,0.030798845043311072,0.007462686567164108,False,False,0.0,93.30811754437008,84.60057747834442,96.26865671641795,100.0,91.7
138,411.0,1379.3,3.43,20.5,10.4,2.926829268292683,0.0,3.397,10.07,20.3,0.03683295625747724,3.0,True,1,Rowing segment,0.011638056444573894,0.030798845043310902,0.009950248756218869,False,False,0.0,94.18097177771301,84.60057747834455,95.02487562189057,100.0,91.8
139,413.8,1388.9,3.42,21.0,9.6,2.857142857142857,-0.010000000000000231,3.4,10.01,20.35,0.03741657386772032,2.8000000000000114,True,1,Rowing segment,0.01076520221123083,0.03657362848893174,0.01243781094527363,False,False,0.0,94.61739889438458,81.7131857555341,93.78109452736318,100.0,90.8
140,416.6,1399.1,3.47,21.5,10.3,2.7906976744186047,0.050000000000000266,3.412,10.010000000000002,20.6,0.03881580434134099,2.8000000000000114,True,1,Rowing segment,0.0072737852778587,0.036573628488931566,0.02487562189054726,False,False,0.0,96.3631073610706,81.71318575553421,87.56218905472637,100.0,90.5
141,419.6,1409.7,3.55,20.5,10.5,2.926829268292683,0.07999999999999963,3.434,10.07,20.65,0.04835057163856936,3.0,True,1,Rowing segment,0.0008728542333430648,0.030798845043310902,0.027363184079601848,False,False,0.0,99.56357288332846,84.60057747834455,86.31840796019907,100.0,92.4
142,422.4,1419.5,3.54,20.5,9.8,2.926829268292683,-0.009999999999999787,3.4490000000000003,10.01,20.8,0.05586690532962962,2.7999999999999545,True,1,Rowing segment,-0.00349141693337213,0.03657362848893174,0.03482587064676613,False,False,0.0,100.0,81.7131857555341,82.58706467661693,96.79744470077522,90.5
143,425.2,1429.9,3.59,21.5,10.4,2.7906976744186047,0.04999999999999982,3.465,10.040000000000001,20.9,0.07074995092262802,2.8000000000000114,True,1,Rowing segment,-0.008146639511201507,0.03368623676612124,0.039800995024875475,False,False,0.0,100.0,83.15688161693934,80.09950248756226,82.6241868209901,88.5
144,428.0,1440.3,3.7,21.0,10.4,2.857142857142857,0.11000000000000032,3.497,10.09,20.95,0.0959224223584346,2.8000000000000114,True,1,Rowing segment,-0.01745708466686052,0.028873917228104014,0.04228855721393024,False,False,0.0,100.0,85.56304138594794,78.85572139303488,58.652216373015875,85.6
145,430.8,1450.7,3.72,21.5,10.4,2.7906976744186047,0.020000000000000018,3.529,10.17,20.95,0.11199702376997439,2.8000000000000114,True,1,Rowing segment,-0.026767529822519533,0.02117420596727629,0.04228855721393024,False,False,0.0,100.0,89.41289701636184,78.85572139303488,43.34422919412211,84.6
146,433.8,1461.4,3.65,20.5,10.7,2.926829268292683,-0.07000000000000028,3.55,10.22,20.95,0.11313708498984282,3.0,True,1,Rowing segment,-0.032877509455920724,0.016361886429258895,0.04228855721393024,False,False,0.0,100.0,91.81905678537056,78.85572139303488,42.25853866344609,85.3
147,436.6,1471.3,3.53,21.0,9.9,2.857142857142857,-0.1200000000000001,3.56,10.239999999999998,20.95,0.1055146119422911,2.8000000000000114,True,1,Rowing segment,-0.03578702356706423,0.014436958614052177,0.04228855721393024,False,False,0.0,100.0,92.78152069297391,78.85572139303488,49.51748815127714,86.7
148,439.6,1481.7,3.45,19.5,10.3,3.076923076923077,-0.07999999999999963,3.5620000000000003,10.23,20.85,0.10293471501662844,3.0,True,1,Rowing segment,-0.03636892638929298,0.015399422521655451,0.03731343283582089,False,False,0.0,100.0,92.30028873917223,81.34328358208955,51.97434714577513,87.3
149,442.4,1491.1,3.39,22.0,9.4,2.727272727272727,-0.06000000000000005,3.559,10.21,20.95,0.10785278031752896,2.7999999999999545,True,1,Rowing segment,-0.03549607215594992,0.01732435033686234,0.04228855721393024,False,False,0.0,100.0,91.33782483156881,78.85572139303488,47.290829424638936,85.9
150,445.2,1500.5,3.36,20.5,9.5,2.926829268292683,-0.03000000000000025,3.5480000000000005,10.129999999999999,20.85,0.12254704312131198,2.8000000000000114,True,1,Rowing segment,-0.032295606633692235,0.025024061597690234,0.03731343283582089,False,False,0.0,100.0,87.48796920115485,81.34328358208955,33.29735108917462,82.8
151,448.2,1510.6,3.35,20.0,10.1,3.0,-0.009999999999999787,3.528,10.09,20.8,0.1375822986030098,3.0,True,1,Rowing segment,-0.02647657841140522,0.028873917228104014,0.03482587064676613,False,False,0.0,100.0,85.56304138594794,82.58706467661693,18.97914236643805,80.2
152,451.2,1520.5,3.35,21.5,9.9,2.7906976744186047,0.0,3.5090000000000003,10.1,20.9,0.14843255108708808,3.0,True,1,Rowing segment,-0.020948501600232778,0.02791145332050057,0.039800995024875475,False,False,0.0,100.0,86.04427333974968,80.09950248756226,8.64634955486685,78.4
153,453.8,1529.3,3.42,21.5,8.7,2.7906976744186047,0.06999999999999984,3.492,9.93,20.9,0.14785879149452344,2.6000000000000227,True,1,Rowing segment,-0.016002327611288832,0.044273339749759465,0.039800995024875475,False,False,0.0,100.0,77.86333012512026,80.09950248756226,9.192745963827974,75.6
154,456.7,1538.9,3.5,21.5,9.7,2.7906976744186047,0.08000000000000007,3.472,9.860000000000001,20.95,0.1289099599634428,2.8999999999999773,True,1,Rowing segment,-0.010183299389001949,0.051010587102983576,0.04228855721393024,False,False,0.0,100.0,74.4947064485082,78.85572139303488,27.237888279118195,77.0
155,459.6,1548.9,3.46,20.0,10.0,3.0,-0.040000000000000036,3.446,9.82,20.8,0.09512564790258944,2.900000000000034,True,1,Rowing segment,-0.002618562700029065,0.05486044273339752,0.03482587064676613,False,False,0.0,100.0,72.56977863330121,82.58706467661693,59.41099183763123,81.7
156,462.7,1558.7,3.38,21.0,9.8,2.857142857142857,-0.08000000000000007,3.4190000000000005,9.73,20.85,0.06402256546630494,3.099999999999966,True,1,Rowing segment,0.00523712540005813,0.0635226179018287,0.03731343283582089,False,False,0.0,97.38143729997088,68.23869104908563,81.34328358208955,89.03073636311063,83.5
157,465.2,1567.8,3.34,21.5,9.1,2.7906976744186047,-0.040000000000000036,3.4,9.65,20.9,0.054974741674886904,2.5,True,1,Rowing segment,0.01076520221123083,0.07122232916265642,0.039800995024875475,False,False,0.0,94.61739889438458,64.38883541867173,80.09950248756226,97.64706015553057,82.3
158,468.0,1577.0,3.29,21.5,9.2,2.7906976744186047,-0.04999999999999982,3.3840000000000003,9.54,21.1,0.06168017869982772,2.8000000000000114,True,1,Rowing segment,0.015420424789060206,0.08180943214629464,0.04975124378109452,False,False,0.0,92.28978760546984,59.095283926852645,75.12437810945273,91.26141230158225,77.9
159,470.8,1586.7,3.31,22.5,9.7,2.6666666666666665,0.020000000000000018,3.376,9.57,21.15,0.06586180818787145,2.8000000000000114,True,1,Rowing segment,0.01774803607797509,0.07892204042348414,0.052238805970149106,False,False,0.0,91.12598196101246,60.53897978825789,73.88059701492544,87.27920901386007,77.3
160,473.4,1595.9,3.39,21.0,9.2,2.857142857142857,0.08000000000000007,3.379,9.540000000000001,21.2,0.0657351588657799,2.599999999999966,True,1,Rowing segment,0.016875181844632024,0.08180943214629448,0.05472636815920387,False,False,0.0,91.56240907768397,59.09528392685276,72.63681592039806,87.3998182998484,76.7
161,476.4,1606.0,3.4,21.5,10.1,2.7906976744186047,0.009999999999999787,3.3840000000000003,9.540000000000001,21.35,0.06518350166174815,3.0,True,1,Rowing segment,0.015420424789060206,0.08180943214629448,0.062189054726368154,False,False,0.0,92.28978760546984,59.09528392685276,68.90547263681593,87.92516640586116,76.5
162,479.2,1615.8,3.42,20.5,9.8,2.926829268292683,0.020000000000000018,3.3909999999999996,9.53,21.25,0.06488451279002,2.8000000000000114,True,1,Rowing segment,0.013383764911260023,0.08277189605389809,0.05721393034825863,False,False,0.0,93.30811754436996,58.61405197305091,71.39303482587069,88.20989619155655,77.1
163,482.2,1626.4,3.5,20.5,10.7,2.926829268292683,0.08000000000000007,3.399,9.73,21.15,0.07324995259762196,3.0,True,1,Rowing segment,0.011056153622345142,0.0635226179018287,0.052238805970149106,False,False,0.0,94.47192318882742,68.23869104908563,73.88059701492544,80.24341279068996,80.1
164,485.0,1636.4,3.55,21.0,9.9,2.857142857142857,0.04999999999999982,3.404,9.75,21.1,0.0820839678486372,2.8000000000000114,True,1,Rowing segment,0.009601396566773453,0.061597690086621804,0.04975124378109452,False,False,0.0,95.19930171661322,69.2011549566891,75.12437810945273,71.83070079002957,79.6
165,488.0,1646.4,3.47,20.0,10.0,3.0,-0.07999999999999963,3.405,9.75,21.1,0.0828988674362959,3.0,True,1,Rowing segment,0.009310445155659142,0.061597690086621804,0.04975124378109452,False,False,0.0,95.3447774221704,69.2011549566891,75.12437810945273,71.05466459973186,79.5
166,490.8,1655.9,3.39,20.5,9.5,2.926829268292683,-0.08000000000000007,3.406,9.719999999999999,21.05,0.08262364471908153,2.8000000000000114,True,1,Rowing segment,0.0090194937445447,0.06448508180943231,0.04726368159203976,False,False,0.0,95.49025312772763,67.75745909528379,76.36815920398013,71.31676166320452,79.3
167,493.8,1666.4,3.42,20.5,10.4,2.926829268292683,0.029999999999999805,3.414,9.85,20.95,0.07933053216342191,3.0,True,1,Rowing segment,0.0066918824556299475,0.05197305101058719,0.04228855721393024,False,False,0.0,96.65405877218501,74.01347449470641,78.85572139303488,74.45282230259942,82.7
168,496.8,1675.6,3.29,20.5,9.3,2.926829268292683,-0.1299999999999999,3.414,9.86,20.85,0.07933053216342191,3.0,True,1,Rowing segment,0.0066918824556299475,0.05101058710298374,0.03731343283582089,False,False,0.0,96.65405877218501,74.49470644850808,81.34328358208955,74.45282230259942,83.3
169,500.0,1684.9,3.01,18.0,9.2,3.3333333333333335,-0.28000000000000025,3.3839999999999995,9.809999999999999,20.4,0.14908610487454863,3.1999999999999886,True,1,Rowing segment,0.015420424789060465,0.05582290664100114,0.014925373134328216,False,False,0.0,92.28978760546974,72.08854667949943,92.53731343283589,8.02396441802722,72.6
170,503.6,1694.9,2.86,17.0,10.1,3.5294117647058822,-0.1499999999999999,3.3309999999999995,9.9,20.0,0.22273302404447792,3.6000000000000227,True,1,Rowing segment,0.030840849578120673,0.04716073147256979,0.004975124378109523,False,False,0.0,84.57957521093961,76.41963426371507,97.51243781094524,0.0,71.0
171,506.8,1703.5,2.72,18.0,8.5,3.3333333333333335,-0.13999999999999968,3.2630000000000003,9.74,19.65,0.29227270370893516,3.1999999999999886,True,1,Rowing segment,0.05062554553389582,0.06256015399422525,0.02238805970149268,False,False,0.0,74.68722723305204,68.71992300288737,88.80597014925367,0.0,63.5
172,509.8,1711.8,2.64,20.0,8.3,3.0,-0.08000000000000007,3.1849999999999996,9.59,19.6,0.3450362299817185,3.0,True,1,Rowing segment,0.07331975560081486,0.07699711260827725,0.02487562189054726,False,False,0.0,63.340122199592564,61.501443695861354,87.56218905472637,0.0,56.8
173,512.6,1720.3,2.8,21.5,8.6,2.7906976744186047,0.1599999999999997,3.115,9.379999999999999,19.7,0.3450362299817181,2.8000000000000114,True,1,Rowing segment,0.09368635437881875,0.0972088546679501,0.019900497512437915,True,False,0.0,53.15682281059058,51.3955726660249,90.04975124378105,0.0,50.1
174,515.2,1729.4,3.14,23.0,9.0,2.608695652173913,0.3400000000000003,3.0740000000000003,9.290000000000001,19.9,0.31020423379874046,2.6000000000000227,True,1,Rowing segment,0.10561536223450682,0.1058710298363811,0.009950248756219046,True,False,0.0,47.19231888274655,47.06448508180943,95.02487562189049,0.0,47.2
175,518.0,1739.3,3.45,22.5,9.9,2.6666666666666665,0.31000000000000005,3.072,9.280000000000001,20.15,0.3074193661216931,2.7999999999999545,True,1,Rowing segment,0.10619726505673557,0.10683349374398454,0.002487562189054585,True,False,0.0,46.901367471632206,46.583253128007705,98.7562189054727,0.0,47.5
176,520.8,1749.2,3.54,21.5,9.9,2.7906976744186047,0.08999999999999986,3.0869999999999997,9.32,20.25,0.32765327202190986,2.7999999999999545,True,1,Rowing segment,0.10183299389002051,0.10298363811357077,0.007462686567164108,True,False,0.0,49.083503054989706,48.508180943214576,96.26865671641795,0.0,48.6
177,523.6,1759.0,3.49,20.5,9.8,2.926829268292683,-0.04999999999999982,3.0940000000000003,9.260000000000002,20.25,0.3361943882141159,2.800000000000068,True,1,Rowing segment,0.09979633401221995,0.10875842155919142,0.007462686567164108,True,False,0.0,50.101832993889985,45.62078922040424,96.26865671641795,0.0,47.9
178,526.6,1769.7,3.51,21.5,10.7,2.7906976744186047,0.019999999999999574,3.116,9.4,20.35,0.35699984438215926,3.0,True,1,Rowing segment,0.09339540296770443,0.09528392685274303,0.01243781094527363,True,False,0.0,53.30229851614776,52.358036573628475,93.78109452736318,0.0,51.0
179,529.4,1780.4,3.65,20.0,10.7,3.0,0.14000000000000012,3.18,9.55,20.55,0.3915780041490208,2.7999999999999545,True,1,Rowing segment,0.0747745126563864,0.08084696823869103,0.0223880597014925,False,False,0.0,62.61274367180674,59.57651588065443,88.80597014925375,0.0,56.1
180,532.4,1792.0,3.78,20.5,11.6,2.926829268292683,0.1299999999999999,3.272,9.7,20.9,0.41539271913589015,3.0,True,1,Rowing segment,0.04800698283386688,0.0664100096246392,0.039800995024875475,False,False,0.0,75.99650858306656,66.7949951876804,80.09950248756226,0.0,62.0
181,535.4,1803.3,3.76,19.5,11.3,3.076923076923077,-0.020000000000000018,3.376,9.98,21.05,0.391328222567419,3.0,True,1,Rowing segment,0.01774803607797509,0.03946102021174207,0.04726368159203976,False,False,0.0,91.12598196101246,80.26948989412897,76.36815920398013,0.0,71.4
182,538.2,1813.6,3.66,21.0,10.3,2.857142857142857,-0.09999999999999964,3.478,10.18,21.15,0.3005846155595942,2.800000000000068,True,1,Rowing segment,-0.011929007855688078,0.020211742059672844,0.052238805970149106,False,False,0.0,100.0,89.89412897016358,73.88059701492544,0.0,77.5
183,541.4,1825.5,3.66,19.0,11.8,3.1578947368421053,0.0,3.564,10.5,20.9,0.18638073338673156,3.199999999999932,True,1,Rowing segment,-0.03695082921152161,-0.010587102983638057,0.039800995024875475,False,False,0.0,100.0,100.0,80.09950248756226,0.0,82.0
184,544.2,1835.5,3.66,22.0,10.0,2.727272727272727,0.0,3.6159999999999997,10.6,20.8,0.11305849027039283,2.800000000000068,True,1,Rowing segment,-0.05208030258946737,-0.02021174205967267,0.03482587064676613,False,False,0.0,100.0,100.0,82.58706467661693,42.33338512009326,88.7
185,550.2,1853.3,3.32,10.0,17.8,6.0,-0.3400000000000003,3.6029999999999993,11.39,19.55,0.1388084211342239,6.0,True,1,Rowing segment,-0.04829793424498081,-0.09624639076034648,0.027363184079602025,False,False,0.0,100.0,100.0,86.31840796019898,17.81149487664686,85.6
186,553.0,1861.9,2.98,21.0,8.6,2.857142857142857,-0.33999999999999986,3.5469999999999997,11.260000000000002,19.5,0.2418011120275833,2.7999999999999545,True,1,Rowing segment,-0.032004655222577665,-0.08373435996150154,0.029850746268656785,False,False,0.0,100.0,100.0,85.0746268656716,0.0,82.8
187,555.8,1870.6,3.1,22.0,8.6,2.727272727272727,0.1200000000000001,3.508,11.139999999999999,19.65,0.28038861920159275,2.7999999999999545,True,1,Rowing segment,-0.020657550189118336,-0.07218479307025968,0.02238805970149268,False,False,0.0,100.0,100.0,88.80597014925367,0.0,83.3
188,558.6,1879.6,3.31,23.5,9.0,2.5531914893617023,0.20999999999999996,3.4880000000000004,10.97,19.85,0.28727841702586504,2.800000000000068,True,1,Rowing segment,-0.014838521966831584,-0.055822906641000966,0.01243781094527363,False,False,0.0,100.0,100.0,93.78109452736318,0.0,84.1
189,561.0,1888.4,3.34,22.5,8.9,2.6666666666666665,0.029999999999999805,3.457,10.790000000000001,20.1,0.28456789855654263,2.3999999999999773,True,1,Rowing segment,-0.005819028222286754,-0.03849855630413863,0.0,False,False,0.0,100.0,100.0,100.0,0.0,85.0
190,563.6,1897.4,3.34,23.0,9.0,2.608695652173913,0.0,3.4130000000000003,10.530000000000001,20.35,0.26221492456888185,2.6000000000000227,True,1,Rowing segment,0.00698283386674426,-0.013474494706448563,0.01243781094527363,False,False,0.0,96.50858306662785,100.0,93.78109452736318,0.0,82.8
191,566.2,1906.4,3.37,22.0,9.0,2.727272727272727,0.03000000000000025,3.374,10.3,20.6,0.2321493771978097,2.6000000000000227,True,1,Rowing segment,0.018329938900203714,0.00866217516843117,0.02487562189054726,False,False,0.0,90.8350305498981,95.6689124157844,87.56218905472637,0.0,78.4
192,569.0,1915.9,3.39,23.0,9.4,2.608695652173913,0.020000000000000018,3.347,10.209999999999999,20.8,0.20981738091333335,2.7999999999999545,True,1,Rowing segment,0.026185627000291038,0.01732435033686251,0.03482587064676613,False,False,0.0,86.90718649985445,91.33782483156871,82.58706467661693,0.0,74.8
193,571.6,1924.9,3.39,21.5,9.0,2.7906976744186047,0.0,3.3200000000000003,9.930000000000001,21.05,0.18036999011290847,2.6000000000000227,True,1,Rowing segment,0.03404131510037823,0.04427333974975929,0.04726368159203976,False,False,0.0,82.97934244981086,77.86333012512031,76.36815920398013,0.0,67.8
194,574.4,1934.1,3.35,23.0,9.2,2.608695652173913,-0.040000000000000036,3.289,9.85,21.15,0.13682511140543013,2.7999999999999545,True,1,Rowing segment,0.04306080884492293,0.05197305101058719,0.052238805970149106,False,False,0.0,78.46959557753851,74.01347449470641,73.88059701492544,19.700218529748128,67.4
195,577.0,1942.9,3.32,22.5,8.8,2.6666666666666665,-0.03000000000000025,3.289,8.95,22.4,0.13682511140543013,2.6000000000000227,True,1,Rowing segment,0.04306080884492293,0.13859480269489904,0.11442786069651727,False,False,0.0,78.46959557753851,30.702598652550428,42.786069651741364,19.700218529748128,47.6
196,579.7,1951.5,3.37,21.5,8.5,2.7906976744186047,0.050000000000000266,3.3280000000000003,8.940000000000001,22.45,0.08456424250892636,2.7000000000000455,True,1,Rowing segment,0.031713703811463476,0.13955726660250234,0.11691542288557202,False,False,0.0,84.14314809426827,30.221366698748806,41.54228855721399,69.4687129728645,56.7
197,582.2,1961.2,3.52,23.5,9.7,2.5531914893617023,0.1499999999999999,3.37,9.05,22.6,0.05925462944874985,2.5,True,1,Rowing segment,0.01949374454466109,0.12897016361886426,0.12437810945273631,False,False,0.0,90.25312772766941,35.51491819056784,37.810945273631845,93.57128462044547,63.7
198,584.8,1970.6,3.6,23.5,9.5,2.5531914893617023,0.08000000000000007,3.3989999999999996,9.1,22.6,0.0897465567274985,2.599999999999909,True,1,Rowing segment,0.011056153622345272,0.12415784408084705,0.12437810945273631,False,False,0.0,94.47192318882735,37.921077959576444,37.810945273631845,64.53354863603991,61.7
199,587.6,1980.6,3.55,21.5,10.0,2.7906976744186047,-0.050000000000000266,3.4200000000000004,9.209999999999999,22.5,0.09854496999395172,2.800000000000068,True,1,Rowing segment,0.004946173988943818,0.113570741097209,0.11940298507462678,False,False,0.0,97.52691300552807,43.21462945139548,40.298507462686615,56.1547407247728,63.7
200,590.4,1990.0,3.44,21.5,9.4,2.7906976744186047,-0.10999999999999988,3.4299999999999997,9.25,22.35,0.0945163125250404,2.7999999999999545,True,1,Rowing segment,0.0020366598778005706,0.10972088546679504,0.11194029850746268,False,False,0.0,98.98167006109969,45.13955726660246,44.029850746268664,59.991267385892776,66.0
201,593.2,1999.6,3.36,21.5,9.5,2.7906976744186047,-0.08000000000000007,3.429,9.3,22.3,0.09527154174602426,2.800000000000068,True,1,Rowing segment,0.0023276112889148823,0.10490856592877765,0.10945273631840792,False,False,0.0,98.83619435554253,47.54571703561117,45.27363184079605,59.27205582126591,66.9
202,596.0,2009.2,3.37,21.0,9.6,2.857142857142857,0.010000000000000231,3.4270000000000005,9.319999999999999,22.1,0.09638464608016034,2.7999999999999545,True,1,Rowing segment,0.002909514111143377,0.10298363811357093,0.09950248756218905,False,False,0.0,98.54524294442828,48.50818094321452,50.24875621890548,58.21203657478594,67.7
203,598.6,2018.1,3.36,22.0,9.0,2.727272727272727,-0.010000000000000231,3.4240000000000004,9.319999999999999,22.15,0.09811557810390982,2.6000000000000227,True,1,Rowing segment,0.0037823683444864415,0.10298363811357093,0.10199004975124364,False,False,0.0,98.10881582775676,48.50818094321452,49.00497512437818,56.56365447505489,67.2
204,601.4,2027.7,3.37,22.0,9.6,2.727272727272727,0.010000000000000231,3.4259999999999997,9.360000000000001,22.05,0.09663217775552585,2.7999999999999545,True,1,Rowing segment,0.003200465522257947,0.09913378248315681,0.09701492537313429,False,False,0.0,98.39976723887101,50.43310875842155,51.49253731343286,57.976309938967454,68.5
205,604.2,2037.4,3.4,21.5,9.7,2.7906976744186047,0.029999999999999805,3.4339999999999997,9.45,21.95,0.08996295533902347,2.800000000000068,True,1,Rowing segment,0.0008728542333431939,0.09047160731472581,0.09203980099502476,False,False,0.0,99.56357288332839,54.76419634263707,53.98009950248762,64.32747029630723,71.8
206,606.9,2046.4,3.41,22.0,8.9,2.727272727272727,0.010000000000000231,3.438,9.49,22.0,0.08766096305906217,2.699999999999932,True,1,Rowing segment,-0.0002909514111143118,0.08662175168431187,0.09452736318407952,False,False,0.0,100.0,56.68912415784405,52.73631840796025,66.51967820276657,72.7
207,609.7,2055.2,3.44,23.5,8.8,2.5531914893617023,0.029999999999999805,3.4300000000000006,9.4,22.0,0.08286535263102697,2.800000000000068,True,1,Rowing segment,0.002036659877800312,0.09528392685274303,0.09452736318407952,False,False,0.0,98.9816700610998,52.358036573628475,52.73631840796025,71.08658104955387,71.5
208,612.0,2064.4,3.5,24.0,9.3,2.5,0.06000000000000005,3.4200000000000004,9.38,22.05,0.06394442031081854,2.2999999999999545,True,1,Rowing segment,0.004946173988943818,0.09720885466794993,0.09701492537313429,False,False,0.0,97.52691300552807,51.39557266602502,51.49253731343286,89.10515469596085,73.2
209,614.4,2073.3,3.54,25.0,8.9,2.4,0.040000000000000036,3.4189999999999996,9.27,22.4,0.0617251974480255,2.3999999999999773,True,1,Rowing segment,0.005237125400058388,0.10779595765158816,0.11442786069651727,False,False,0.0,97.38143729997078,46.102021174205916,42.786069651741364,91.21854054367186,70.3
210,616.8,2081.9,3.56,23.5,8.6,2.5531914893617023,0.020000000000000018,3.431,9.190000000000001,22.6,0.07622335600062354,2.3999999999999773,True,1,Rowing segment,0.0017457084666861295,0.11549566891241571,0.12437810945273631,False,False,0.0,99.12714576665692,42.25216554379213,37.810945273631845,77.41181404646534,66.8
211,619.4,2091.0,3.52,23.5,9.0,2.5531914893617023,-0.040000000000000036,3.447,9.14,22.8,0.0764562329411633,2.6000000000000227,True,1,Rowing segment,-0.002909514111143377,0.1203079884504331,0.13432835820895517,False,False,0.0,100.0,39.846005774783414,32.83582089552242,77.19004324613411,65.4
212,622.0,2100.1,3.5,23.5,9.1,2.5531914893617023,-0.020000000000000018,3.46,9.09,23.05,0.07287737036357066,2.6000000000000227,True,1,Rowing segment,-0.006691882455629818,0.1251203079884505,0.1467661691542288,False,False,0.0,100.0,37.43984600577471,26.6169154228856,80.59822619575806,64.2
213,624.7,2108.3,3.48,22.5,8.3,2.6666666666666665,-0.020000000000000018,3.472,9.02,23.1,0.06390965845975421,2.7000000000000455,True,1,Rowing segment,-0.010183299389001949,0.1318575553416748,0.14925373134328357,False,False,0.0,100.0,34.071222329162595,25.373134328358216,89.13825871868488,64.1
214,626.8,2116.9,3.51,26.0,8.6,2.3076923076923075,0.029999999999999805,3.4859999999999998,8.919999999999998,23.5,0.05358275012640891,2.099999999999909,True,1,Rowing segment,-0.014256619144602701,0.14148219441770957,0.16915422885572132,False,False,0.0,100.0,29.25890279114518,15.422885572139345,98.97266619898322,62.4
215,629.2,2125.8,3.58,25.5,8.9,2.3529411764705883,0.07000000000000028,3.504,8.84,23.9,0.051682793182153734,2.400000000000091,True,1,Rowing segment,-0.01949374454466096,0.14918190567853712,0.18905472636815904,False,False,0.0,100.0,25.409047160731443,5.472636815920485,100.0,59.7
216,631.7,2134.9,3.67,24.5,9.0,2.4489795918367347,0.08999999999999986,3.53,8.85,24.15,0.06324555320335436,2.5,True,1,Rowing segment,-0.027058481233633844,0.14821944177093366,0.20149253731343267,False,False,0.0,100.0,25.89027911453312,0.0,89.77069211408508,57.5
217,634.2,2144.6,3.74,23.5,9.7,2.5531914893617023,0.07000000000000028,3.56,8.940000000000001,24.15,0.08366600265339869,2.5,True,1,Rowing segment,-0.03578702356706423,0.13955726660250234,0.20149253731343267,False,False,0.0,100.0,30.221366698748806,0.0,70.32411484815565,56.1
218,637.0,2154.8,3.71,21.5,10.2,2.7906976744186047,-0.03000000000000025,3.5810000000000004,9.03,23.9,0.09279008567728904,2.7999999999999545,True,1,Rowing segment,-0.041897003200465556,0.13089509143407133,0.18905472636815904,False,False,0.0,100.0,34.55245428296433,5.472636815920485,61.63516870429622,57.2
219,639.7,2163.4,3.63,23.5,8.6,2.5531914893617023,-0.08000000000000007,3.59,9.0,23.75,0.09273618495495,2.7000000000000455,True,1,Rowing segment,-0.04451556590049449,0.13378248315688165,0.18159203980099495,False,False,0.0,100.0,33.10875842155914,9.203980099502528,61.686498845888835,57.2
220,642.0,2172.3,3.56,23.5,9.0,2.5531914893617023,-0.06999999999999984,3.59,9.040000000000001,23.75,0.09273618495495,2.2999999999999545,True,1,Rowing segment,-0.04451556590049449,0.12993262752646773,0.18159203980099495,False,False,0.0,100.0,35.033686236766115,9.203980099502528,61.686498845888835,57.9
221,644.6,2181.2,3.46,23.5,8.9,2.5531914893617023,-0.10000000000000009,3.5840000000000005,9.030000000000001,23.75,0.09946523680830402,2.6000000000000227,True,1,Rowing segment,-0.04276985743380862,0.13089509143407116,0.18159203980099495,False,False,0.0,100.0,34.55245428296438,9.203980099502528,55.278362378921365,56.8
222,647.2,2190.3,3.41,23.0,9.1,2.608695652173913,-0.04999999999999982,3.575,9.03,23.7,0.11128042655081774,2.6000000000000227,True,1,Rowing segment,-0.04015129473377942,0.13089509143407133,0.17910447761194018,False,False,0.0,100.0,34.55245428296433,10.447761194029914,44.026651156722416,55.3
223,649.8,2199.1,3.41,24.0,8.8,2.5,0.0,3.568,9.08,23.85,0.11979612310550657,2.599999999999909,True,1,Rowing segment,-0.038114634855978984,0.12608277189605394,0.18656716417910446,False,False,0.0,100.0,36.95861405197298,6.7164179104477695,35.91707690718964,54.3
224,652.4,2208.0,3.37,23.0,8.9,2.608695652173913,-0.040000000000000036,3.554,9.11,23.55,0.13459403982180654,2.6000000000000227,True,1,Rowing segment,-0.034041315100378104,0.12319538017324361,0.17164179104477606,False,False,0.0,100.0,38.40230991337817,14.17910447761197,21.824888020637403,53.8
225,654.8,2216.0,3.4,24.5,8.0,2.4489795918367347,0.029999999999999805,3.536,9.02,23.45,0.14253264733230053,2.3999999999999773,True,1,Rowing segment,-0.028804189700319973,0.1318575553416748,0.16666666666666655,False,False,0.0,100.0,34.071222329162595,16.66666666666673,14.264880846731941,51.6
226,657.7,2225.7,3.51,21.5,9.8,2.7906976744186047,0.10999999999999988,3.5200000000000005,9.1,23.15,0.13457752825456942,2.900000000000091,True,1,Rowing segment,-0.024148967122490594,0.12415784408084705,0.15174129353233815,False,False,0.0,100.0,37.921077959576444,24.12935323383093,21.84061213429336,55.2
227,660.0,2234.6,3.55,24.5,8.9,2.4489795918367347,0.040000000000000036,3.501,9.02,23.25,0.11149987543589651,2.2999999999999545,True,1,Rowing segment,-0.018620890311317896,0.1318575553416748,0.1567164179104477,False,False,0.0,100.0,34.071222329162595,21.64179104477616,43.817668014111064,56.7
228,662.8,2244.2,3.46,22.5,9.6,2.6666666666666665,-0.08999999999999986,3.476,8.959999999999999,23.35,0.0840898989838209,2.7999999999999545,True,1,Rowing segment,-0.011347105033459325,0.1376323387872956,0.1616915422885572,False,False,0.0,100.0,31.183830606352156,19.1542288557214,69.92043456861695,59.3
229,672.1,2269.0,2.7,36.5,24.8,1.643835616438356,-0.7599999999999998,3.383,10.580000000000002,24.65,0.24846417134959733,9.300000000000068,True,2,Short rowing segment,,,,False,False,0.0,92.14431189991268,100.0,0.0,0.0,67.3
230,675.3,2275.8,1.98,19.0,6.8,3.1578947368421053,-0.7200000000000002,3.225,10.360000000000001,24.2,0.4992271805278381,3.199999999999932,True,2,Short rowing segment,,,,False,False,0.0,69.15915042187947,98.55630413859477,0.0,0.0,58.7
231,678.7,2283.4,2.13,18.5,7.7,3.2432432432432434,0.1499999999999999,3.0919999999999996,10.24,23.7,0.5972120412568878,3.400000000000091,True,2,Short rowing segment,,,,False,False,0.0,49.81088158277558,92.78152069297396,10.447761194029914,0.0,51.5
232,682.1,2291.3,2.27,17.5,7.8,3.4285714285714284,0.14000000000000012,2.978,10.110000000000001,23.15,0.6372301171650772,3.3999999999999773,True,2,Short rowing segment,,,,False,False,0.0,33.226651149258046,86.5255052935515,24.12935323383093,0.0,45.5
233,685.1,2298.5,2.34,19.0,7.3,3.1578947368421053,0.06999999999999984,2.871,9.96,22.65,0.6463994293176762,3.0,True,2,Short rowing segment,,,,False,False,0.0,17.660750654640623,79.30702598652549,36.56716417910456,0.0,39.4
234,688.3,2306.8,2.48,19.5,8.3,3.076923076923077,0.14000000000000012,2.7819999999999996,9.9,22.3,0.6311506247411199,3.199999999999932,True,2,Short rowing segment,,,,False,False,0.0,4.713412860052279,76.41963426371507,45.27363184079605,0.0,35.2
235,691.9,2316.5,2.64,17.0,9.7,3.5294117647058822,0.16000000000000014,2.706,10.07,21.55,0.5930748500634404,3.6000000000000227,True,2,Short rowing segment,,,,False,False,0.0,0.0,84.60057747834455,63.930348258706495,0.0,39.2
236,694.7,2324.3,2.68,21.0,7.8,2.857142857142857,0.040000000000000036,2.6229999999999998,9.870000000000001,21.5,0.5218567278903653,2.800000000000068,True,2,Short rowing segment,,,,False,False,0.0,0.0,74.97593840230992,65.17412935323388,0.0,36.0
237,697.5,2332.6,2.75,21.5,8.3,2.7906976744186047,0.06999999999999984,2.543,9.809999999999999,21.2,0.4141671696844629,2.7999999999999545,True,2,Short rowing segment,,,,False,False,0.0,0.0,72.08854667949943,72.63681592039806,0.0,36.1
238,700.3,2341.1,2.92,21.0,8.5,2.857142857142857,0.16999999999999993,2.489,9.7,21.05,0.30108876505847665,2.7999999999999545,True,2,Short rowing segment,,,,False,False,0.0,0.0,66.7949951876804,76.36815920398013,0.0,34.8
239,703.1,2349.8,3.03,22.5,8.7,2.6666666666666665,0.10999999999999988,2.522,8.09,19.65,0.34207861344692664,2.800000000000068,True,2,Short rowing segment,,,,False,False,0.0,0.0,0.0,88.80597014925367,0.0,13.3
240,705.7,2358.2,3.11,22.5,8.4,2.6666666666666665,0.08000000000000007,2.6350000000000002,8.25,20.0,0.3295535700846674,2.6000000000000227,True,2,Short rowing segment,,,,False,False,0.0,0.0,0.0,97.51243781094524,0.0,14.6
241,708.3,2366.7,3.17,22.5,8.5,2.6666666666666665,0.06000000000000005,2.739,8.330000000000002,20.4,0.31631383852819156,2.599999999999909,True,2,Short rowing segment,,,,False,False,0.0,0.0,0.8662175168431818,92.53731343283589,0.0,14.2
242,711.3,2376.2,3.18,20.0,9.5,3.0,0.010000000000000231,2.8299999999999996,8.5,20.65,0.29668539266741256,3.0,True,2,Short rowing segment,,,,False,False,0.0,11.696246726796533,9.047160731472546,86.31840796019907,0.0,20.2
243,714.1,2385.1,3.16,21.0,8.9,2.857142857142857,-0.020000000000000018,2.912,8.66,20.85,0.25685274640020495,2.800000000000068,True,2,Short rowing segment,,,,False,False,0.0,23.625254582484654,16.74687199230024,81.34328358208955,0.0,26.3
244,716.8,2393.4,3.17,22.5,8.4,2.6666666666666665,0.009999999999999787,2.9810000000000003,8.67,21.15,0.21758523234201366,2.699999999999932,True,2,Short rowing segment,,,,False,False,0.0,33.66307826592956,17.228103946101967,73.88059701492544,0.0,28.9
245,719.7,2402.3,3.2,20.5,8.9,2.926829268292683,0.03000000000000025,3.037,8.59,21.5,0.190441008655627,2.900000000000091,True,2,Short rowing segment,,,,False,False,0.0,41.80971777713116,13.378248315688124,65.17412935323388,0.0,29.1
246,722.7,2411.5,3.2,22.5,9.1,2.6666666666666665,0.0,3.089,8.72,21.65,0.14850738851801057,3.0,True,2,Short rowing segment,,,,False,False,0.0,49.37445446610411,19.634263715110677,61.44278606965181,8.575081197802614,34.7
247,724.9,2419.7,3.22,24.5,8.2,2.4489795918367347,0.020000000000000018,3.136,8.71,21.95,0.09347608131373891,2.199999999999932,True,2,Short rowing segment,,,,False,False,0.0,56.21181262729119,19.153031761308945,53.98009950248762,60.98188890352847,43.6
248,727.3,2427.6,3.26,24.5,7.9,2.4489795918367347,0.03999999999999959,3.17,8.65,22.3,0.06306962642804201,2.3999999999999773,True,2,Short rowing segment,,,,False,False,0.0,61.15798661623501,16.265640038498507,45.27363184079605,89.93822876099516,47.4
249,729.7,2436.1,3.36,27.0,8.5,2.2222222222222223,0.10000000000000009,3.2030000000000003,8.629999999999999,22.75,0.06783149055642329,2.400000000000091,True,2,Short rowing segment,,,,False,False,0.0,65.95868489962174,15.30317613089499,34.07960199004979,85.40346281821014,46.4
250,732.9,2446.9,3.46,19.0,10.8,3.1578947368421053,0.10000000000000009,3.2379999999999995,8.87,22.4,0.09807026959161917,3.199999999999932,True,2,Short rowing segment,,,,False,False,0.0,71.05033459412263,26.852743022136583,42.786069651741364,56.60680217791128,49.2
251,735.5,2455.5,3.35,22.5,8.6,2.6666666666666665,-0.10999999999999988,3.2560000000000002,8.879999999999999,22.4,0.10068653225617072,2.6000000000000227,True,2,Short rowing segment,,,,False,False,0.0,73.66889729415182,27.33397497593831,42.786069651741364,54.11531176392052,49.9
252,737.7,2462.4,3.17,35.5,7.0,1.6901408450704225,-0.18000000000000016,3.2550000000000003,8.629999999999999,23.95,0.1015709932345933,2.2000000000000455,True,2,Short rowing segment,,,,False,False,0.0,73.5234215885947,15.30317613089499,4.228855721393099,53.27303163694923,39.7
253,738.5,2465.6,3.34,44.5,3.2,1.348314606741573,0.16999999999999993,3.2730000000000006,8.06,26.3,0.09877584050091318,0.7999999999999545,True,2,Short rowing segment,,,,False,False,0.0,76.14198428862383,0.0,0.0,55.934880669144086,35.0
254,741.1,2474.3,3.45,22.5,8.7,2.6666666666666665,0.11000000000000032,3.3009999999999997,8.09,26.3,0.10577229210796668,2.6000000000000227,True,2,Short rowing segment,,,,False,False,0.0,80.2153040442245,0.0,0.0,49.272097017063054,35.5
255,743.9,2483.6,3.35,21.5,9.3,2.7906976744186047,-0.10000000000000009,3.316,8.129999999999999,26.4,0.1003549256942897,2.7999999999999545,True,2,Short rowing segment,,,,False,False,0.0,82.39743962758212,0.0,0.0,54.4311036686621,37.0
256,747.1,2494.3,3.41,19.0,10.7,3.1578947368421053,0.06000000000000005,3.3370000000000006,8.290000000000001,26.05,0.09522488003548822,3.2000000000000455,True,2,Short rowing segment,,,,False,False,0.0,85.45242944428283,0.0,0.0,59.31649218695508,38.8
257,749.8,2503.2,3.41,21.0,8.9,2.857142857142857,0.0,3.3560000000000003,8.36,25.7,0.0879646393602177,2.699999999999932,True,2,Short rowing segment,,,,False,False,0.0,88.21646784986903,2.309913378248263,0.0,66.23048453596215,41.6
258,753.1,2514.2,3.4,19.5,11.1,3.076923076923077,-0.010000000000000231,3.37,8.680000000000001,25.2,0.08192137151626858,3.300000000000068,True,2,Short rowing segment,,,,False,False,0.0,90.25312772766941,17.709335899903753,0.0,71.98554273649594,48.6
259,756.5,2525.1,3.3,17.0,10.9,3.5294117647058822,-0.10000000000000009,3.364,8.92,24.2,0.08487899884211544,3.3999999999999773,True,2,Short rowing segment,,,,False,False,0.0,89.38027349432637,29.25890279114529,0.0,69.16896769212147,51.9
260,759.9,2535.3,3.06,17.5,10.2,3.4285714285714284,-0.23999999999999977,3.3240000000000003,8.860000000000001,24.05,0.1211243621700708,3.3999999999999773,True,2,Short rowing segment,,,,False,False,0.0,83.56124527203956,26.37151106833496,1.7412935323383394,34.652182926287644,43.9
261,762.7,2543.8,2.93,21.0,8.5,2.857142857142857,-0.1299999999999999,3.282,8.85,23.9,0.17287117875585797,2.800000000000068,True,2,Short rowing segment,,,,False,False,0.0,77.4512656386383,25.89027911453312,5.472636815920485,0.0,37.0
262,765.7,2553.0,2.97,20.0,9.2,3.0,0.040000000000000036,3.2620000000000005,9.07,22.35,0.1971350355016012,3.0,True,2,Short rowing segment,,,,False,False,0.0,74.54175152749492,36.477382098171304,44.029850746268664,0.0,45.5
263,769.1,2562.7,2.95,18.5,9.7,3.2432432432432434,-0.020000000000000018,3.2230000000000003,9.719999999999999,19.75,0.21751372881318906,3.3999999999999773,True,2,Short rowing segment,,,,False,False,0.0,68.86819901076518,67.75745909528379,91.29353233830842,0.0,61.5
264,771.9,2571.0,2.89,21.0,8.3,2.857142857142857,-0.06000000000000005,3.1670000000000003,9.680000000000001,19.6,0.22455140465677037,2.7999999999999545,True,2,Short rowing segment,,,,False,False,0.0,60.72155949956354,65.83253128007705,87.56218905472637,0.0,57.4
265,774.7,2579.5,2.93,21.5,8.5,2.7906976744186047,0.040000000000000036,3.125,9.6,19.6,0.22579489217723372,2.800000000000068,True,2,Short rowing segment,,,,False,False,0.0,54.611579866162266,61.982675649663086,87.56218905472637,0.0,53.9
266,777.7,2588.5,2.99,20.0,9.1,3.0,0.06000000000000005,3.083,9.440000000000001,19.7,0.20499593491903342,3.0,True,2,Short rowing segment,,,,False,False,0.0,48.50160023276112,54.282964388835445,90.04975124378105,0.0,49.5
267,780.3,2596.6,3.01,21.5,8.1,2.7906976744186047,0.019999999999999574,3.043,9.36,19.75,0.17016658504730572,2.599999999999909,True,2,Short rowing segment,,,,False,False,0.0,42.6825720104742,50.4331087584215,91.29353233830842,0.0,46.3
268,783.1,2605.2,3.05,21.5,8.6,2.7906976744186047,0.040000000000000036,3.008,9.110000000000001,19.95,0.11593101396949515,2.800000000000068,True,2,Short rowing segment,,,,False,False,0.0,37.59092231597316,38.40230991337828,96.26865671641785,39.59785502319397,47.0
269,785.8,2613.3,3.07,22.5,8.1,2.6666666666666665,0.020000000000000018,2.9850000000000003,8.83,20.5,0.061689185077700964,2.699999999999932,True,2,Short rowing segment,,,,False,False,0.0,34.24498108815826,24.92781520692971,90.04975124378113,91.25283544710965,47.9
270,788.8,2622.3,3.05,19.5,9.1,3.076923076923077,-0.020000000000000018,2.984,8.719999999999999,20.7,0.06040603354702387,3.0,True,2,Short rowing segment,,,,False,False,0.0,34.09950538260103,19.634263715110567,85.0746268656717,92.47479216487199,45.4
271,791.7,2630.7,3.02,22.0,8.4,2.727272727272727,-0.029999999999999805,2.993,8.709999999999999,20.8,0.058128210783441145,2.900000000000091,True,2,Short rowing segment,,,,False,False,0.0,35.4087867326156,19.153031761308835,82.58706467661693,94.64398322398495,45.7
272,794.7,2639.6,3.02,21.0,8.9,2.857142857142857,0.0,2.998,8.68,20.9,0.05808040403895794,3.0,True,2,Short rowing segment,,,,False,False,0.0,36.13616526040148,17.7093358999037,80.09950248756226,94.68951001577763,45.1
273,797.1,2647.1,2.96,22.5,7.5,2.6666666666666665,-0.06000000000000005,2.999,8.46,21.3,0.05724217559336766,2.3999999999999773,True,2,Short rowing segment,,,,False,False,0.0,36.28164096595865,7.122232916265625,70.14925373134331,95.48776248683849,40.0
274,800.3,2656.4,2.89,19.5,9.4,3.076923076923077,-0.06999999999999984,2.999,8.569999999999999,21.15,0.05724217559336766,3.199999999999932,True,2,Short rowing segment,,,,False,False,0.0,36.28164096595865,12.415784408084606,73.88059701492544,95.48776248683849,42.4
275,803.7,2665.9,2.92,19.0,9.5,3.1578947368421053,0.029999999999999805,2.998,8.669999999999998,20.9,0.05865151319442045,3.400000000000091,True,2,Short rowing segment,,,,False,False,0.0,36.13616526040148,17.228103946101914,80.09950248756226,94.14563764185408,44.8
276,806.1,2673.6,2.93,21.0,7.7,2.857142857142857,0.010000000000000231,2.992,8.53,21.0,0.06250333324441146,2.3999999999999773,True,2,Short rowing segment,,,,False,False,0.0,35.26331102705843,10.490856592877684,77.61194029850749,90.47751484172424,41.2
277,809.7,2683.5,2.92,18.0,9.8,3.3333333333333335,-0.010000000000000231,2.983,8.7,20.65,0.06600505031179033,3.6000000000000227,True,2,Short rowing segment,,,,False,False,0.0,33.95402967704392,18.67179980750716,86.31840796019907,87.14279825378651,44.4
278,812.7,2692.2,2.94,20.5,8.8,2.926829268292683,0.020000000000000018,2.972,8.72,20.55,0.06268084945885961,3.0,True,2,Short rowing segment,,,,False,False,0.0,32.353796915915,19.634263715110677,88.80597014925375,90.30846455766138,45.1
279,815.3,2700.6,2.94,21.5,8.3,2.7906976744186047,0.0,2.959,8.74,20.45,0.052799410771079074,2.599999999999909,True,2,Short rowing segment,,,,False,False,0.0,30.462612743671738,20.596727622714138,91.29353233830851,99.71864729681023,46.5
280,829.1,2725.8,1.97,9.5,25.2,6.315789473684211,-0.97,2.851,10.350000000000001,19.45,0.31239042523383037,13.800000000000068,False,,Transition/Cooldown,,,,False,False,0.0,14.751236543497193,98.0750721847931,83.83084577114423,0.0,52.1
281,832.6,2730.6,1.15,17.0,4.8,3.5294117647058822,-0.8200000000000001,2.664,9.99,18.95,0.6140430676173169,3.5,True,3,Short rowing segment,,,,False,False,0.0,0.0,80.75072184793065,71.3930348258706,0.0,39.0
282,835.7,2736.4,1.58,19.5,5.8,3.076923076923077,0.43000000000000016,2.52,9.68,18.8,0.6859219262342362,3.1000000000000227,True,3,Short rowing segment,,,,False,False,0.0,0.0,65.83253128007694,67.66169154228855,0.0,33.2
283,839.1,2744.3,2.12,18.0,7.9,3.3333333333333335,0.54,2.436,9.72,18.35,0.6774330635240294,3.3999999999999773,True,3,Short rowing segment,,,,False,False,0.0,0.0,67.7574590952839,56.46766169154229,0.0,32.2
284,841.5,2750.4,2.3,31.5,6.0,1.9047619047619047,0.17999999999999972,2.377,9.38,19.55,0.6589393834876676,2.3999999999999773,True,3,Short rowing segment,,,,False,False,0.0,0.0,51.39557266602502,86.31840796019898,0.0,30.9
285,842.3,2752.4,2.49,40.0,2.0,1.5,0.1900000000000004,2.334,8.63,21.65,0.6330911817775073,0.7999999999999545,True,3,Short rowing segment,,,,False,False,0.0,0.0,15.303176130895102,61.44278606965181,0.0,14.6
286,845.5,2760.6,2.66,20.0,8.2,3.0,0.16999999999999993,2.307,8.680000000000001,21.55,0.6101921373177803,3.2000000000000455,True,3,Short rowing segment,,,,False,False,0.0,0.0,17.709335899903753,63.930348258706495,0.0,15.8
287,848.5,2768.5,2.59,19.5,7.9,3.076923076923077,-0.07000000000000028,2.274,8.489999999999998,21.7,0.5816107900573265,3.0,True,3,Short rowing segment,,,,False,False,0.0,0.0,8.565928777670706,60.19900497512444,0.0,12.0
288,851.7,2777.1,2.65,19.5,8.6,3.076923076923077,0.06000000000000005,2.245,8.469999999999999,21.6,0.5511452722387334,3.2000000000000455,True,3,Short rowing segment,,,,False,False,0.0,0.0,7.6034648700673,62.68656716417911,0.0,12.1
289,856.1,2787.1,2.48,13.5,10.0,4.444444444444445,-0.16999999999999993,2.199,8.64,20.8,0.5038617535263648,4.399999999999977,True,3,Short rowing segment,,,,False,False,0.0,0.0,15.784408084696832,82.58706467661693,0.0,17.9
290,859.1,2794.0,2.23,20.5,6.9,2.926829268292683,-0.25,2.225,6.81,21.9,0.4973987892582289,3.0,True,3,Short rowing segment,,,,False,False,0.0,0.0,0.0,55.223880597015,0.0,8.3
291,861.7,2800.3,2.17,31.5,6.3,1.9047619047619047,-0.06000000000000005,2.327,6.959999999999999,23.35,0.3282969522991117,2.6000000000000227,True,3,Short rowing segment,,,,False,False,0.0,0.0,0.0,19.1542288557214,0.0,2.9
292,862.5,2802.3,2.36,34.5,1.9,1.7391304347826086,0.18999999999999995,2.4050000000000002,6.57,24.85,0.19783550967630958,0.7999999999999545,True,3,Short rowing segment,,,,False,False,0.0,0.0,0.0,0.0,0.0,0.0
293,866.7,2812.6,2.51,15.0,10.3,4.0,0.1499999999999999,2.444,6.81,24.55,0.17218852716974242,4.2000000000000455,True,3,Short rowing segment,,,,False,False,0.0,0.0,0.0,0.0,0.0,0.0
294,870.7,2821.8,2.37,15.0,9.2,4.0,-0.13999999999999968,2.451,7.13,22.9,0.16702960482766252,4.0,True,3,Short rowing segment,,,,False,False,0.0,0.0,0.0,30.348258706467746,0.0,4.6
295,879.8,2834.4,1.02,39.5,12.6,1.518987341772152,-1.35,2.304,8.19,22.85,0.4808834462620702,9.099999999999909,True,,Transition/Cooldown,,,,False,False,0.0,0.0,0.0,31.592039800995032,0.0,4.7
296,883.8,2836.6,0.61,8.5,2.1,7.0588235294117645,-0.41000000000000003,2.0989999999999998,7.58,21.7,0.699514911285748,4.0,False,,Transition/Cooldown,,,,False,False,0.0,0.0,0.0,60.19900497512444,0.0,9.0
297,896.5,2840.3,0.61,12.0,3.8,5.0,0.0,1.9009999999999998,7.17,20.95,0.8156721836075497,12.700000000000045,False,,Transition/Cooldown,,,,False,False,0.0,0.0,0.0,78.85572139303488,0.0,11.8
298,899.1,2840.7,0.2,23.5,0.4,2.5531914893617023,-0.41,1.6560000000000001,6.35,21.35,0.9261653320127136,2.6000000000000227,False,,Transition/Cooldown,,,,False,False,0.0,0.0,0.0,68.90547263681593,0.0,10.3
300,902.7,2841.4,0.18,26.0,0.5,2.3076923076923075,-0.020000000000000018,1.426,5.4,22.6,0.9826630483877292,3.6000000000000227,False,,Transition/Cooldown,,,,False,False,0.0,0.0,0.0,37.810945273631845,0.0,5.7
